date-gmt;date-local;date-relative;latitude;longitude;accuracy;altitude
2024-01-22 15:43:00.00;2024-01-22 16:43:00.00;0;51.57478;7.03116;4.0;0.0
2024-01-22 15:43:20.00;2024-01-22 16:43:20.00;0;51.57467;7.03106;4.0;0.0
2024-01-22 15:43:40.00;2024-01-22 16:43:40.00;0;51.57406;7.03208;4.0;0.0
2024-01-22 15:44:00.00;2024-01-22 16:44:00.00;0;51.57278;7.03335;4.0;0.0
2024-01-22 15:44:27.00;2024-01-22 16:44:27.00;0;51.573638;7.037283;4.866884505530313;70.64865387231112
2024-01-22 15:44:28.00;2024-01-22 16:44:28.00;0;51.573656;7.037390;4.915587848736882;70.20841987896711
2024-01-22 15:44:30.00;2024-01-22 16:44:30.00;2.015316009521484;51.573696;7.037560;4.92499846848061;69.33737711142749
2024-01-22 15:44:42.00;2024-01-22 16:44:42.00;14.04326498508453;51.573691;7.037711;5.062668916908621;69.79054162558168
2024-01-22 15:44:49.00;2024-01-22 16:44:49.00;21.01707005500793;51.573752;7.037899;4.828387381542608;69.56690493132919
2024-01-22 15:44:51.00;2024-01-22 16:44:51.00;23.01724600791931;51.573798;7.038074;4.843902676245343;69.75494391471148
2024-01-22 15:44:53.00;2024-01-22 16:44:53.00;25.01988697052002;51.573852;7.038265;4.881109981948338;69.54726834781468
2024-01-22 15:44:55.00;2024-01-22 16:44:55.00;27.01780700683594;51.573920;7.038500;4.912195635265518;69.77248340286314
2024-01-22 15:44:57.00;2024-01-22 16:44:57.00;29.01920199394226;51.573993;7.038732;4.899349945251498;69.68255911301821
2024-01-22 15:44:59.00;2024-01-22 16:44:59.00;31.01981699466705;51.574058;7.038974;4.982346926747279;70.50295962579548
2024-01-22 15:45:00.00;2024-01-22 16:45:00.00;32.02706897258759;51.574114;7.039121;4.917431233131508;69.747818345204
2024-01-22 15:45:01.00;2024-01-22 16:45:01.00;33.020339012146;51.574153;7.039264;4.905058764644977;70.20469146687537
2024-01-22 15:45:02.00;2024-01-22 16:45:02.00;34.01970505714417;51.574192;7.039401;4.935274033095836;70.47845115605742
2024-01-22 15:45:03.00;2024-01-22 16:45:03.00;35.01636707782745;51.574235;7.039540;4.945231253944659;70.98173136357218
2024-01-22 15:45:04.00;2024-01-22 16:45:04.00;36.01635706424713;51.574285;7.039675;4.984764417087805;71.06208117026836
2024-01-22 15:45:05.00;2024-01-22 16:45:05.00;37.01546001434326;51.574342;7.039819;4.942540894018994;70.19206398818642
2024-01-22 15:45:06.00;2024-01-22 16:45:06.00;38.01547801494598;51.574384;7.039967;4.969750869962438;71.2559605287388
2024-01-22 15:45:07.00;2024-01-22 16:45:07.00;39.01646304130554;51.574452;7.040080;4.923017614056573;71.85525273066014
2024-01-22 15:45:08.00;2024-01-22 16:45:08.00;40.01758205890656;51.574526;7.040214;4.893513102294873;71.34388153906912
2024-01-22 15:45:09.00;2024-01-22 16:45:09.00;41.01765298843384;51.574581;7.040360;4.927861019613368;71.64591510593891
2024-01-22 15:45:10.00;2024-01-22 16:45:10.00;42.01995897293091;51.574630;7.040500;4.92289906128469;71.47995509766042
2024-01-22 15:45:11.00;2024-01-22 16:45:11.00;43.02079498767853;51.574695;7.040628;4.956105862093612;72.21678354404867
2024-01-22 15:45:12.00;2024-01-22 16:45:12.00;44.02313899993896;51.574751;7.040744;4.94136087171355;72.52948191389441
2024-01-22 15:45:13.00;2024-01-22 16:45:13.00;45.02162098884583;51.574809;7.040869;4.881188765611526;72.07235709950328
2024-01-22 15:45:15.00;2024-01-22 16:45:15.00;47.01677405834198;51.574905;7.041068;4.832399541918285;72.93618386797607
2024-01-22 15:45:18.00;2024-01-22 16:45:18.00;50.01684606075287;51.574974;7.041189;4.805589431205915;73.14714222028852
2024-01-22 15:45:32.00;2024-01-22 16:45:32.00;64.02066004276276;51.575051;7.041288;4.770052024355281;74.70914978254586
2024-01-22 15:45:34.00;2024-01-22 16:45:34.00;66.01998996734619;51.575110;7.041407;4.785438768568218;74.60476151574403
2024-01-22 15:45:36.00;2024-01-22 16:45:36.00;68.01689100265503;51.575189;7.041553;4.782156585682068;75.00929652992636
2024-01-22 15:45:38.00;2024-01-22 16:45:38.00;70.02149903774261;51.575278;7.041716;4.778378503811747;74.99043666943908
2024-01-22 15:45:40.00;2024-01-22 16:45:40.00;72.02149605751038;51.575372;7.041885;4.778000274645122;75.55500759463757
2024-01-22 15:45:41.99;2024-01-22 16:45:41.99;74.02100801467896;51.575494;7.042046;4.775803566556761;76.22022900823504
2024-01-22 15:45:43.99;2024-01-22 16:45:43.99;76.0215550661087;51.575595;7.042231;4.771055207282714;77.68365966621786
2024-01-22 15:45:45.99;2024-01-22 16:45:45.99;78.02129697799683;51.575699;7.042408;4.768820952329436;76.65960193704814
2024-01-22 15:45:47.99;2024-01-22 16:45:47.99;80.02186703681946;51.575798;7.042604;4.76320030650859;76.92255805712193
2024-01-22 15:45:49.99;2024-01-22 16:45:49.99;82.02251207828522;51.575891;7.042837;4.759831873163126;77.24519725237042
2024-01-22 15:45:51.99;2024-01-22 16:45:51.99;84.02467107772827;51.575978;7.043074;4.754450001987758;78.04015029687434
2024-01-22 15:45:53.99;2024-01-22 16:45:53.99;86.02323305606842;51.576052;7.043325;4.744635825569477;77.88912305980921
2024-01-22 15:45:55.99;2024-01-22 16:45:55.99;88.0237820148468;51.576100;7.043568;4.757194832671302;78.95586845930666
2024-01-22 15:45:57.99;2024-01-22 16:45:57.99;90.02446103096008;51.576158;7.043799;4.766196369241642;79.47445538919419
2024-01-22 15:45:59.99;2024-01-22 16:45:59.99;92.02269303798676;51.576213;7.044024;4.76255383655662;79.65393540635705
2024-01-22 15:46:01.99;2024-01-22 16:46:01.99;94.02488505840302;51.576269;7.044253;4.757322339188803;78.78548921458423
2024-01-22 15:46:03.99;2024-01-22 16:46:03.99;96.02627098560333;51.576328;7.044495;4.757799999903952;79.01425464637578
2024-01-22 15:46:05.99;2024-01-22 16:46:05.99;98.0230450630188;51.576391;7.044758;4.759406716127478;79.95281981490552
2024-01-22 15:46:07.99;2024-01-22 16:46:07.99;100.0269900560379;51.576455;7.045024;4.76341945341592;79.45269335433841
2024-01-22 15:46:10.00;2024-01-22 16:46:10.00;102.0262850522995;51.576516;7.045270;4.755361632846966;79.38661927077919
2024-01-22 15:46:12.00;2024-01-22 16:46:12.00;104.0263890028;51.576572;7.045491;4.76134438173228;79.78574259486049
2024-01-22 15:46:14.00;2024-01-22 16:46:14.00;106.0276219844818;51.576638;7.045700;4.759871405854192;79.05491290334612
2024-01-22 15:46:16.00;2024-01-22 16:46:16.00;108.0236300230026;51.576686;7.045896;4.762796177848898;79.79112824425101
2024-01-22 15:46:24.00;2024-01-22 16:46:24.00;116.024491071701;51.576724;7.046074;4.775633361103191;80.33028045296669
2024-01-22 15:46:26.00;2024-01-22 16:46:26.00;118.0278370380402;51.576746;7.046222;4.766972096339981;79.9360599797219
2024-01-22 15:46:28.00;2024-01-22 16:46:28.00;120.0280970335007;51.576765;7.046403;4.765463316208596;80.45169509667903
2024-01-22 15:46:30.00;2024-01-22 16:46:30.00;122.0276939868927;51.576781;7.046622;4.779648683613892;79.87900031544268
2024-01-22 15:46:32.00;2024-01-22 16:46:32.00;124.027330994606;51.576797;7.046868;4.817883243463531;79.42669668328017
2024-01-22 15:46:34.00;2024-01-22 16:46:34.00;126.0269989967346;51.576804;7.047149;4.80004262055526;81.14040595572442
2024-01-22 15:46:36.00;2024-01-22 16:46:36.00;128.0277220010757;51.576841;7.047439;4.792478863187917;81.32942570652813
2024-01-22 15:46:37.00;2024-01-22 16:46:37.00;129.0276939868927;51.576840;7.047602;4.785507870470958;81.09863604418933
2024-01-22 15:46:38.00;2024-01-22 16:46:38.00;130.027291059494;51.576867;7.047748;4.78511947606214;81.19349780771881
2024-01-22 15:46:39.00;2024-01-22 16:46:39.00;131.0270819664001;51.576878;7.047904;4.788064293449745;82.10788747854531
2024-01-22 15:46:41.00;2024-01-22 16:46:41.00;133.0269720554352;51.576871;7.048170;4.807459416815801;82.25831021182239
2024-01-22 15:46:43.00;2024-01-22 16:46:43.00;135.0282460451126;51.576868;7.048379;4.809956953903618;82.73036112915725
2024-01-22 15:46:46.00;2024-01-22 16:46:46.00;138.0276740789413;51.576862;7.048536;4.77679988603102;82.94270470459014
2024-01-22 15:46:49.00;2024-01-22 16:46:49.00;141.0268470048904;51.576780;7.048600;4.760501444623985;84.34573757834733
2024-01-22 15:46:51.00;2024-01-22 16:46:51.00;143.0263409614563;51.576674;7.048644;4.757405195580604;83.22931829839945
2024-01-22 15:46:53.00;2024-01-22 16:46:53.00;145.0291640758514;51.576538;7.048679;4.771125391095851;82.02448302414268
2024-01-22 15:46:55.00;2024-01-22 16:46:55.00;147.0287469625473;51.576390;7.048761;4.839216310499074;79.51657563820481
2024-01-22 15:46:56.00;2024-01-22 16:46:56.00;148.0263440608978;51.576292;7.048775;4.778550239594988;80.91055369656533
2024-01-22 15:46:58.00;2024-01-22 16:46:58.00;150.0257370471954;51.576120;7.048831;4.789978714571183;82.78022224828601
2024-01-22 15:47:00.00;2024-01-22 16:47:00.00;152.0272500514984;51.575990;7.048895;4.794933261270953;80.92713052034378
2024-01-22 15:47:02.00;2024-01-22 16:47:02.00;154.0274029970169;51.575907;7.048972;4.806266435710844;82.05061579681933
2024-01-22 15:47:06.00;2024-01-22 16:47:06.00;158.027862071991;51.575793;7.049064;4.767650970362233;83.12419516127557
2024-01-22 15:47:08.00;2024-01-22 16:47:08.00;160.0286120176315;51.575776;7.049243;4.757967359995665;83.06904562655836
2024-01-22 15:47:10.00;2024-01-22 16:47:10.00;162.0288630723953;51.575832;7.049400;4.759989545675083;83.09821335971355
2024-01-22 15:47:12.00;2024-01-22 16:47:12.00;164.0295310020447;51.575928;7.049547;4.762697535930047;83.06815377995372
2024-01-22 15:47:14.00;2024-01-22 16:47:14.00;166.0293350219727;51.576040;7.049693;4.752255886779587;83.45146249141544
2024-01-22 15:47:16.00;2024-01-22 16:47:16.00;168.0263130664825;51.576152;7.049875;4.74980846193885;83.4655340090394
2024-01-22 15:47:18.00;2024-01-22 16:47:18.00;170.0302979946136;51.576268;7.050093;4.752126579566304;83.60859096515924
2024-01-22 15:47:19.00;2024-01-22 16:47:19.00;171.0255460739136;51.576318;7.050225;4.754315646168708;83.91775626596063
2024-01-22 15:47:20.00;2024-01-22 16:47:20.00;172.0280929803848;51.576367;7.050349;4.761591234836395;84.03130880277604
2024-01-22 15:47:22.00;2024-01-22 16:47:22.00;174.0302730798721;51.576443;7.050612;4.774028789783647;83.87059829756618
2024-01-22 15:47:24.00;2024-01-22 16:47:24.00;176.0255399942398;51.576508;7.050843;4.775515662982036;84.19831186439842
2024-01-22 15:47:26.00;2024-01-22 16:47:26.00;178.0277290344238;51.576560;7.051016;4.765997708918838;84.07097778189927
2024-01-22 15:47:29.00;2024-01-22 16:47:29.00;181.0262219905853;51.576593;7.051167;4.77344687999833;83.91483219712973
2024-01-22 15:47:48.99;2024-01-22 16:47:48.99;201.0284379720688;51.576631;7.051342;4.82037927141573;84.10543118510395
2024-01-22 15:47:50.99;2024-01-22 16:47:50.99;203.0293689966202;51.576683;7.051505;4.820958383042357;84.13346443325281
2024-01-22 15:47:52.99;2024-01-22 16:47:52.99;205.0275200605392;51.576727;7.051707;4.824178498581392;84.37684747204185
2024-01-22 15:47:54.99;2024-01-22 16:47:54.99;207.0318540334702;51.576766;7.051917;4.837380011695006;84.81707091629505
2024-01-22 15:47:56.99;2024-01-22 16:47:56.99;209.0282330513;51.576816;7.052156;4.873550889357962;84.8240860234946
2024-01-22 15:47:57.99;2024-01-22 16:47:57.99;210.0308430194855;51.576848;7.052291;4.866919968895626;84.80943869054317
2024-01-22 15:47:58.99;2024-01-22 16:47:58.99;211.0290020704269;51.576875;7.052430;4.881384661149386;84.86783196311444
2024-01-22 15:47:59.99;2024-01-22 16:47:59.99;212.0308330059052;51.576913;7.052569;4.862672546221062;85.31021548528224
2024-01-22 15:48:00.99;2024-01-22 16:48:00.99;213.0308309793472;51.576942;7.052715;4.861192102431083;85.31621035095304
2024-01-22 15:48:01.99;2024-01-22 16:48:01.99;214.0308020114899;51.576970;7.052856;4.878372210466013;85.74380526412278
2024-01-22 15:48:02.99;2024-01-22 16:48:02.99;215.0307600498199;51.577003;7.053000;4.896760240304824;85.49528446793556
2024-01-22 15:48:03.99;2024-01-22 16:48:03.99;216.0310209989548;51.577046;7.053148;4.892055206258438;85.97172524221241
2024-01-22 15:48:04.99;2024-01-22 16:48:04.99;217.0327440500259;51.577083;7.053315;4.856589153865396;86.22883971966803
2024-01-22 15:48:05.99;2024-01-22 16:48:05.99;218.0281109809875;51.577115;7.053451;4.864606076196994;86.3959240950644
2024-01-22 15:48:06.99;2024-01-22 16:48:06.99;219.0283390283585;51.577150;7.053600;4.872468147657623;86.59627823904157
2024-01-22 15:48:07.99;2024-01-22 16:48:07.99;220.0287230014801;51.577195;7.053749;4.863776071875464;86.71021198946983
2024-01-22 15:48:09.00;2024-01-22 16:48:09.00;221.0286979675293;51.577233;7.053894;4.865793224829969;86.55725730024278
2024-01-22 15:48:10.00;2024-01-22 16:48:10.00;222.0328360795975;51.577270;7.054027;4.86320811974926;86.70294479001313
2024-01-22 15:48:11.00;2024-01-22 16:48:11.00;223.0329730510712;51.577307;7.054177;4.846493368071872;86.88104529771954
2024-01-22 15:48:13.00;2024-01-22 16:48:13.00;225.0296009778976;51.577359;7.054422;4.822361248624014;87.09962471015751
2024-01-22 15:48:15.00;2024-01-22 16:48:15.00;227.0319340229034;51.577412;7.054632;4.808667953355988;87.59499573055655
2024-01-22 15:48:17.00;2024-01-22 16:48:17.00;229.0323950052261;51.577432;7.054784;4.803504468226553;87.59091267548501
2024-01-22 15:48:20.00;2024-01-22 16:48:20.00;232.0311059951782;51.577420;7.054964;9.046422772312784;89.01316733378917
2024-01-22 15:48:21.00;2024-01-22 16:48:21.00;233.0325939655304;51.577279;7.054962;4.781730194159188;88.8984471578151
2024-01-22 15:48:23.00;2024-01-22 16:48:23.00;235.0294899940491;51.577157;7.055029;4.778051144558562;89.59493614174426
2024-01-22 15:48:25.00;2024-01-22 16:48:25.00;237.0289170742035;51.577017;7.055054;4.775588584525675;89.545953867957
2024-01-22 15:48:27.00;2024-01-22 16:48:27.00;239.0321290493011;51.576859;7.055105;4.778673810339574;89.75331206526607
2024-01-22 15:48:29.00;2024-01-22 16:48:29.00;241.0304130315781;51.576693;7.055163;4.789488128010145;89.89546197187155
2024-01-22 15:48:31.00;2024-01-22 16:48:31.00;243.0302610397339;51.576537;7.055209;4.802754254600762;90.20006293989718
2024-01-22 15:48:33.00;2024-01-22 16:48:33.00;245.0332089662552;51.576400;7.055237;4.80185713778615;89.7088494123891
2024-01-22 15:48:35.00;2024-01-22 16:48:35.00;247.0307730436325;51.576303;7.055258;4.800249305531785;89.21308243088424
2024-01-22 15:48:56.00;2024-01-22 16:48:56.00;268.0303519964218;51.576197;7.055274;4.768161161327741;88.41540722269565
2024-01-22 15:48:59.00;2024-01-22 16:48:59.00;271.0303649902344;51.576068;7.055339;4.775257727609137;88.23300543706864
2024-01-22 15:49:01.00;2024-01-22 16:49:01.00;273.03016102314;51.576001;7.055510;4.781065839981231;88.22735083568841
2024-01-22 15:49:03.00;2024-01-22 16:49:03.00;275.0312479734421;51.576038;7.055737;4.781315509131683;88.09254628606141
2024-01-22 15:49:05.00;2024-01-22 16:49:05.00;277.0329630374908;51.576058;7.055965;4.793827384415189;87.61418354976922
2024-01-22 15:49:07.00;2024-01-22 16:49:07.00;279.0335919857025;51.576097;7.056227;4.829941039894424;88.04021637048572
2024-01-22 15:49:08.00;2024-01-22 16:49:08.00;280.0348060131073;51.576118;7.056373;4.840221539691969;88.1253517139703
2024-01-22 15:49:10.00;2024-01-22 16:49:10.00;282.0316280126572;51.576154;7.056625;4.902554485429238;87.89652158692479
2024-01-22 15:49:12.00;2024-01-22 16:49:12.00;284.0351580381393;51.576200;7.056852;4.875069631726232;87.89278453215957
2024-01-22 15:49:14.00;2024-01-22 16:49:14.00;286.0352250337601;51.576208;7.057025;4.870065935881422;87.44263006001711
2024-01-22 15:49:39.00;2024-01-22 16:49:39.00;311.0323840379715;51.576227;7.057168;4.79649357275295;88.88771971873939
2024-01-22 15:49:49.00;2024-01-22 16:49:49.00;321.0340939760208;51.576231;7.057362;4.780780881582752;88.62025591637939
2024-01-22 15:49:52.00;2024-01-22 16:49:52.00;324.0335720777512;51.576203;7.057556;4.787372252239922;88.63670864421874
2024-01-22 15:49:55.99;2024-01-22 16:49:55.99;328.0347230434418;51.576317;7.057517;4.787509224977586;88.44886214099824
2024-01-22 15:49:57.99;2024-01-22 16:49:57.99;330.0353029966354;51.576405;7.057468;4.785905720420629;88.31727202050388
2024-01-22 15:49:58.99;2024-01-22 16:49:58.99;331.0343810319901;51.576501;7.057682;4.784416054129256;88.1378817697987
2024-01-22 15:50:00.99;2024-01-22 16:50:00.99;333.0373799800873;51.576620;7.057587;4.779768386953377;87.90644004289061
2024-01-22 15:50:02.99;2024-01-22 16:50:02.99;335.0388250350952;51.576747;7.057456;4.787224470290753;86.9566673990339
2024-01-22 15:50:04.99;2024-01-22 16:50:04.99;337.0350420475006;51.576878;7.057335;4.784119661976585;86.48015625961125
2024-01-22 15:50:06.99;2024-01-22 16:50:06.99;339.0360009670258;51.576981;7.057251;4.794666061215225;85.86316341441125
2024-01-22 15:50:08.99;2024-01-22 16:50:08.99;341.0363700389862;51.577061;7.057179;4.796636788625368;85.89650008268654
2024-01-22 15:50:20.99;2024-01-22 16:50:20.99;353.0415049791336;51.577121;7.057060;4.793227129235909;86.63020621240139
2024-01-22 15:50:27.00;2024-01-22 16:50:27.00;359.0386810302734;51.577240;7.056970;4.788006330090859;86.2998395524919
2024-01-22 15:50:29.00;2024-01-22 16:50:29.00;361.0421530008316;51.577342;7.056914;4.786062241598588;86.36085500475019
2024-01-22 15:50:31.00;2024-01-22 16:50:31.00;363.0392360687256;51.577468;7.056883;4.785924902310374;86.68837273493409
2024-01-22 15:50:33.00;2024-01-22 16:50:33.00;365.0391230583191;51.577602;7.056920;4.781963929155201;86.45088393148035
2024-01-22 15:50:35.00;2024-01-22 16:50:35.00;367.0406839847565;51.577723;7.057014;4.778204397470076;86.35062131192535
2024-01-22 15:50:37.00;2024-01-22 16:50:37.00;369.0408099889755;51.577816;7.057152;4.775593774099235;86.45394974481314
2024-01-22 15:50:39.00;2024-01-22 16:50:39.00;371.0425909757614;51.577879;7.057329;4.77521313749989;86.47148122824728
2024-01-22 15:50:41.00;2024-01-22 16:50:41.00;373.0427500009537;51.577919;7.057523;4.77589347839048;86.97818283643574
2024-01-22 15:50:43.00;2024-01-22 16:50:43.00;375.042906999588;51.577961;7.057731;4.777033354399614;87.12683553993702
2024-01-22 15:50:45.00;2024-01-22 16:50:45.00;377.0403980016708;51.578006;7.057944;4.773797980455668;87.39025293849409
2024-01-22 15:50:47.00;2024-01-22 16:50:47.00;379.0423480272293;51.578052;7.058173;4.769061758952608;87.92977172788233
2024-01-22 15:50:49.00;2024-01-22 16:50:49.00;381.0415589809418;51.578102;7.058428;4.768538134615005;88.39175393804908
2024-01-22 15:50:51.00;2024-01-22 16:50:51.00;383.0426909923553;51.578159;7.058699;4.769879962796508;88.58904215041548
2024-01-22 15:50:52.00;2024-01-22 16:50:52.00;384.0431779623032;51.578189;7.058843;4.771038410346064;89.10078963171691
2024-01-22 15:50:53.00;2024-01-22 16:50:53.00;385.0432779788971;51.578225;7.058984;4.769813938101634;89.05423573218286
2024-01-22 15:50:55.00;2024-01-22 16:50:55.00;387.0421410799026;51.578286;7.059245;4.770721824461824;89.18075231555849
2024-01-22 15:50:57.00;2024-01-22 16:50:57.00;389.0434939861298;51.578328;7.059425;4.765705142180539;89.51348700281233
2024-01-22 15:51:03.00;2024-01-22 16:51:03.00;395.0433830022812;51.578369;7.059558;4.768133539270696;90.81679685413837
2024-01-22 15:51:06.00;2024-01-22 16:51:06.00;398.0419009923935;51.578466;7.059658;4.778085170592807;90.9142106352374
2024-01-22 15:51:08.00;2024-01-22 16:51:08.00;400.0400390625;51.578544;7.059584;4.790377610477746;90.76472595892847
2024-01-22 15:51:10.00;2024-01-22 16:51:10.00;402.0404670238495;51.578571;7.059415;4.782200486634702;90.24560029432178
2024-01-22 15:51:12.00;2024-01-22 16:51:12.00;404.0439549684525;51.578539;7.059259;4.777074120589528;91.04458185750991
2024-01-22 15:51:14.00;2024-01-22 16:51:14.00;406.0424619913101;51.578490;7.059121;4.771773677957997;90.53615459706634
2024-01-22 15:51:16.00;2024-01-22 16:51:16.00;408.0426880121231;51.578442;7.058976;4.769325045380326;90.29123124945909
2024-01-22 15:51:18.00;2024-01-22 16:51:18.00;410.0426030158997;51.578403;7.058823;4.766458012082444;89.72280088812113
2024-01-22 15:51:20.00;2024-01-22 16:51:20.00;412.0442860126495;51.578375;7.058667;4.765230605833143;89.58856751210988
2024-01-22 15:51:22.00;2024-01-22 16:51:22.00;414.0441950559616;51.578355;7.058517;4.772756945650447;89.16088800039142
2024-01-22 15:51:24.00;2024-01-22 16:51:24.00;416.0411469936371;51.578323;7.058358;4.773956438173952;88.78198979888111
2024-01-22 15:51:26.00;2024-01-22 16:51:26.00;418.0428999662399;51.578301;7.058212;4.775061854405658;88.22794291563332
2024-01-22 15:51:29.00;2024-01-22 16:51:29.00;421.0416600704193;51.578291;7.058057;4.769515736947499;87.76247237622738
2024-01-22 15:51:40.00;2024-01-22 16:51:40.00;432.0411850214005;51.578279;7.057903;4.761828080721797;86.2199154375121
2024-01-22 15:51:47.00;2024-01-22 16:51:47.00;439.0431669950485;51.578185;7.057841;4.752765388548015;87.00826479867101
2024-01-22 15:51:55.00;2024-01-22 16:51:55.00;447.0438109636307;51.578112;7.057727;4.734553445602565;85.65072483383119
2024-01-22 15:52:01.99;2024-01-22 16:52:01.99;454.0472379922867;51.578043;7.057604;4.727966116494094;86.03248292487115
2024-01-22 15:52:10.99;2024-01-22 16:52:10.99;463.0480329990387;51.578024;7.057457;4.738457444469145;85.4082770999521
2024-01-22 15:52:22.99;2024-01-22 16:52:22.99;475.0472450256348;51.577969;7.057343;4.758485360239927;85.08859938941896
2024-01-22 15:55:00.00;2024-01-22 16:55:00.00;632.0575419664383;51.577933;7.057082;5.040050328737567;87.00185461714864
2024-01-22 15:55:02.00;2024-01-22 16:55:02.00;634.0590720176697;51.577893;7.056930;5.002337625025113;86.93866540491581
2024-01-22 15:55:05.00;2024-01-22 16:55:05.00;637.0591900348663;51.577866;7.056733;4.944002644229432;86.84573010262102
2024-01-22 15:55:08.00;2024-01-22 16:55:08.00;640.0593810081482;51.577757;7.056622;5.013501295908925;86.79583218786865
2024-01-22 15:55:10.00;2024-01-22 16:55:10.00;642.059347987175;51.577667;7.056582;4.934614954116386;86.88088197913021
2024-01-22 15:55:13.00;2024-01-22 16:55:13.00;645.0594589710236;51.577541;7.056610;4.855617078743778;87.13613134808838
2024-01-22 15:55:15.00;2024-01-22 16:55:15.00;647.0570009946823;51.577451;7.056666;4.880861690958203;87.60789559409022
2024-01-22 15:55:17.00;2024-01-22 16:55:17.00;649.0596740245819;51.577319;7.056738;4.871116524765126;87.59011736419052
2024-01-22 15:55:19.00;2024-01-22 16:55:19.00;651.0578980445862;51.577209;7.056812;4.962459737049794;87.8178898813203
2024-01-22 15:55:21.00;2024-01-22 16:55:21.00;653.0597339868546;51.577109;7.056859;5.20835964009149;87.83370301965624
2024-01-22 15:55:24.00;2024-01-22 16:55:24.00;656.0598059892654;51.576992;7.056938;5.043479465238176;87.87710974831134
2024-01-22 15:55:26.00;2024-01-22 16:55:26.00;658.0563110113144;51.576898;7.056965;5.03800609935576;87.80551313143224
2024-01-22 15:55:28.00;2024-01-22 16:55:28.00;660.0599870681763;51.576806;7.057034;5.017739431103258;88.16553891450167
2024-01-22 15:55:30.00;2024-01-22 16:55:30.00;662.0585720539093;51.576734;7.057127;4.967202139849979;88.02341695409268
2024-01-22 15:55:33.00;2024-01-22 16:55:33.00;665.0562870502472;51.576644;7.057188;4.962393079105865;87.79724931251258
2024-01-22 15:56:34.00;2024-01-22 16:56:34.00;726.0596590042114;51.576502;7.057272;4.938459241907772;87.61402647010982
2024-01-22 15:56:36.00;2024-01-22 16:56:36.00;728.0596680641174;51.576411;7.057351;4.933221172156021;87.82398520316929
2024-01-22 15:56:38.00;2024-01-22 16:56:38.00;730.0553079843521;51.576269;7.057443;4.947472161914062;87.77211075276136
2024-01-22 15:56:40.00;2024-01-22 16:56:40.00;732.0595450401306;51.576086;7.057536;5.002047155063805;88.68117038719356
2024-01-22 15:56:41.00;2024-01-22 16:56:41.00;733.0595210790634;51.575990;7.057575;5.094656668019629;88.38487700652331
2024-01-22 15:56:42.00;2024-01-22 16:56:42.00;734.058767080307;51.575897;7.057606;5.086995799950085;88.69247820787132
2024-01-22 15:56:44.00;2024-01-22 16:56:44.00;736.0596010684967;51.575713;7.057669;5.134389436293786;89.45584054850042
2024-01-22 15:56:45.00;2024-01-22 16:56:45.00;737.0586060285568;51.575607;7.057688;5.103667820467504;90.0249584140256
2024-01-22 15:56:46.00;2024-01-22 16:56:46.00;738.0569670200348;51.575481;7.057722;5.057728333456881;90.296441311948
2024-01-22 15:56:47.00;2024-01-22 16:56:47.00;739.0554369688034;51.575351;7.057754;5.067977042023474;90.09583820030093
2024-01-22 15:56:48.00;2024-01-22 16:56:48.00;740.0596109628677;51.575225;7.057772;5.056463761254652;90.01238409616053
2024-01-22 15:56:49.00;2024-01-22 16:56:49.00;741.0595769882202;51.575094;7.057796;5.13355898522988;90.19230930972844
2024-01-22 15:56:50.00;2024-01-22 16:56:50.00;742.0595370531082;51.574960;7.057779;5.129116174187077;90.19582946971059
2024-01-22 15:56:51.00;2024-01-22 16:56:51.00;743.0595110654831;51.574816;7.057736;5.054039162279118;90.29856139048934
2024-01-22 15:56:52.00;2024-01-22 16:56:52.00;744.0594840049744;51.574675;7.057697;4.987304357321166;90.51111139543355
2024-01-22 15:56:53.00;2024-01-22 16:56:53.00;745.0594769716263;51.574564;7.057644;4.929734271582278;91.21288240607828
2024-01-22 15:56:54.00;2024-01-22 16:56:54.00;746.0594750642776;51.574452;7.057593;4.910349442857797;90.58645948022604
2024-01-22 15:56:55.00;2024-01-22 16:56:55.00;747.0595290660858;51.574350;7.057532;4.908179255544399;89.42386876232922
2024-01-22 15:56:56.00;2024-01-22 16:56:56.00;748.0595259666443;51.574254;7.057487;4.904017351992734;89.50089375767857
2024-01-22 15:56:57.00;2024-01-22 16:56:57.00;749.0594810247421;51.574163;7.057447;4.912888991251838;90.02431050501764
2024-01-22 15:56:59.00;2024-01-22 16:56:59.00;751.0594860315323;51.573998;7.057401;4.908160284489671;89.7656275825575
2024-01-22 15:57:01.00;2024-01-22 16:57:01.00;753.0592759847641;51.573870;7.057355;4.899408417623143;89.6716985264793
2024-01-22 15:57:03.00;2024-01-22 16:57:03.00;755.0594710111618;51.573780;7.057328;4.892908345832926;89.70173782575876
2024-01-22 15:57:06.00;2024-01-22 16:57:06.00;758.0594910383224;51.573675;7.057271;4.884196068713303;89.46605580486357
2024-01-22 15:57:56.00;2024-01-22 16:57:56.00;808.060024023056;51.573500;7.057177;4.772633748337467;88.94072298705578
2024-01-22 15:57:58.00;2024-01-22 16:57:58.00;810.0600180625916;51.573381;7.057113;4.782867157979821;88.90317249670625
2024-01-22 15:58:00.00;2024-01-22 16:58:00.00;812.0601099729538;51.573225;7.057026;4.80481528801645;88.71950051840395
2024-01-22 15:58:01.00;2024-01-22 16:58:01.00;813.0600670576096;51.573133;7.056977;4.815086787184929;88.74403913784772
2024-01-22 15:58:02.00;2024-01-22 16:58:02.00;814.0600700378418;51.573034;7.056923;4.82131710216103;88.59280539583415
2024-01-22 15:58:03.00;2024-01-22 16:58:03.00;815.0600830316544;51.572926;7.056865;4.818447407870133;88.38235395867378
2024-01-22 15:58:04.00;2024-01-22 16:58:04.00;816.0588010549545;51.572812;7.056805;4.826871187052285;88.27007777523249
2024-01-22 15:58:05.00;2024-01-22 16:58:05.00;817.0572329759598;51.572693;7.056740;4.819633727797501;87.95090261567384
2024-01-22 15:58:06.00;2024-01-22 16:58:06.00;818.0560439825058;51.572575;7.056674;4.83012581967458;87.61523552983999
2024-01-22 15:58:07.00;2024-01-22 16:58:07.00;819.0601199865341;51.572457;7.056618;4.823923574828843;87.38597605470568
2024-01-22 15:58:08.00;2024-01-22 16:58:08.00;820.0601379871368;51.572328;7.056568;4.81441861441132;87.10000161267817
2024-01-22 15:58:09.00;2024-01-22 16:58:09.00;821.0602660179138;51.572200;7.056532;4.810453806977066;86.60888549219817
2024-01-22 15:58:10.00;2024-01-22 16:58:10.00;822.0601860284805;51.572070;7.056506;4.808611913164975;86.10717642772943
2024-01-22 15:58:11.00;2024-01-22 16:58:11.00;823.0556080341339;51.571940;7.056495;4.80675451914069;85.39229932241142
2024-01-22 15:58:12.00;2024-01-22 16:58:12.00;824.0566279888153;51.571814;7.056485;4.796756167658341;84.65631228219718
2024-01-22 15:58:13.00;2024-01-22 16:58:13.00;825.0576699972153;51.571692;7.056469;4.794489607601625;84.15835549123585
2024-01-22 15:58:14.00;2024-01-22 16:58:14.00;826.0587899684906;51.571579;7.056466;4.77827741620534;83.59737777430564
2024-01-22 15:58:15.00;2024-01-22 16:58:15.00;827.0597369670868;51.571467;7.056449;4.772086677367696;83.55792982131243
2024-01-22 15:58:16.00;2024-01-22 16:58:16.00;828.0602439641953;51.571354;7.056433;4.764681027580987;82.62932142801583
2024-01-22 15:58:17.00;2024-01-22 16:58:17.00;829.0566899776459;51.571251;7.056414;4.757555368131239;81.8854355700314
2024-01-22 15:58:18.00;2024-01-22 16:58:18.00;830.0602489709854;51.571157;7.056393;4.755342800948978;81.33861494716257
2024-01-22 15:58:20.00;2024-01-22 16:58:20.00;832.0602630376816;51.570988;7.056358;4.736977208675603;80.61418216396123
2024-01-22 15:58:22.00;2024-01-22 16:58:22.00;834.0603270530701;51.570840;7.056339;4.800779801396546;79.8223157087341
2024-01-22 15:58:24.00;2024-01-22 16:58:24.00;836.0602390766144;51.570726;7.056318;4.84897763369105;79.30154518503696
2024-01-22 15:58:27.00;2024-01-22 16:58:27.00;839.0602530241013;51.570618;7.056293;4.85990145590149;78.97416619211435
2024-01-22 15:58:48.00;2024-01-22 16:58:48.00;860.0552300214767;51.570438;7.056232;4.831148285052643;78.75129425153136
2024-01-22 15:58:50.00;2024-01-22 16:58:50.00;862.0578060150146;51.570282;7.056221;4.827221233389449;78.02054650429636
2024-01-22 15:58:52.00;2024-01-22 16:58:52.00;864.0602090358734;51.570102;7.056178;4.848506540978321;76.81174478773028
2024-01-22 15:58:53.00;2024-01-22 16:58:53.00;865.0601949691772;51.570000;7.056156;4.847028609663502;75.97426443174481
2024-01-22 15:58:54.00;2024-01-22 16:58:54.00;866.06021296978;51.569889;7.056160;4.856464445884261;75.4496020199731
2024-01-22 15:58:55.00;2024-01-22 16:58:55.00;867.0602079629898;51.569771;7.056145;4.859081228000156;74.74687838740647
2024-01-22 15:58:56.00;2024-01-22 16:58:56.00;868.0602270364761;51.569639;7.056138;4.8609003575862;73.71534522343427
2024-01-22 15:58:57.00;2024-01-22 16:58:57.00;869.0558120012283;51.569502;7.056167;4.925649327242321;72.77684119343758
2024-01-22 15:58:58.00;2024-01-22 16:58:58.00;870.0602890253067;51.569366;7.056181;4.961628291441871;71.58231815882027
2024-01-22 15:58:59.00;2024-01-22 16:58:59.00;871.0602359771729;51.569208;7.056210;4.921036605444703;71.26654612924904
2024-01-22 15:59:00.00;2024-01-22 16:59:00.00;872.0579730272293;51.569051;7.056268;4.914770847443343;69.57424988225102
2024-01-22 15:59:01.00;2024-01-22 16:59:01.00;873.0602459907532;51.568900;7.056330;4.90854904560724;67.66325238905847
2024-01-22 15:59:02.00;2024-01-22 16:59:02.00;874.0602589845657;51.568744;7.056447;4.897427758628896;67.13625476136804
2024-01-22 15:59:03.00;2024-01-22 16:59:03.00;875.0572639703751;51.568592;7.056550;4.88002811146811;66.28647087235004
2024-01-22 15:59:04.00;2024-01-22 16:59:04.00;876.0602869987488;51.568440;7.056683;4.864773545365087;64.97476906981319
2024-01-22 15:59:05.00;2024-01-22 16:59:05.00;877.0579890012741;51.568298;7.056810;4.864635841665174;63.17018859367818
2024-01-22 15:59:06.00;2024-01-22 16:59:06.00;878.0602780580521;51.568142;7.056973;4.85906206607457;62.42944011371583
2024-01-22 15:59:07.00;2024-01-22 16:59:07.00;879.0603849887848;51.567997;7.057115;4.853167322181163;61.58292435761541
2024-01-22 15:59:08.00;2024-01-22 16:59:08.00;880.0602960586548;51.567858;7.057250;4.848365958080325;60.24145390838385
2024-01-22 15:59:09.00;2024-01-22 16:59:09.00;881.06036901474;51.567715;7.057398;4.837563326893515;59.46705655846745
2024-01-22 15:59:10.00;2024-01-22 16:59:10.00;882.0603170394897;51.567570;7.057549;4.822792132261988;58.4798439713195
2024-01-22 15:59:11.00;2024-01-22 16:59:11.00;883.0603110790253;51.567420;7.057679;4.810744607985218;57.64336616918445
2024-01-22 15:59:12.00;2024-01-22 16:59:12.00;884.0603300333023;51.567261;7.057806;4.806143981312336;56.90790831297636
2024-01-22 15:59:13.00;2024-01-22 16:59:13.00;885.0603320598602;51.567105;7.057925;4.807702021988162;56.39449004363269
2024-01-22 15:59:14.00;2024-01-22 16:59:14.00;886.060397028923;51.566948;7.058046;4.812118551208363;55.87991339527071
2024-01-22 15:59:15.00;2024-01-22 16:59:15.00;887.0601819753647;51.566807;7.058159;4.815409511024455;55.41512727085501
2024-01-22 15:59:16.00;2024-01-22 16:59:16.00;888.058061003685;51.566648;7.058250;4.827369738073333;54.59279380086809
2024-01-22 15:59:17.00;2024-01-22 16:59:17.00;889.0603649616241;51.566493;7.058313;4.842484721221867;54.37754925526679
2024-01-22 15:59:18.00;2024-01-22 16:59:18.00;890.0555930137634;51.566333;7.058377;4.882469226549577;54.02243208605796
2024-01-22 15:59:19.00;2024-01-22 16:59:19.00;891.0604100227356;51.566166;7.058440;4.918098709249408;53.9324260475114
2024-01-22 15:59:20.00;2024-01-22 16:59:20.00;892.0582220554352;51.566002;7.058493;4.953558669017022;53.95343723613769
2024-01-22 15:59:21.00;2024-01-22 16:59:21.00;893.0604850053787;51.565832;7.058538;4.90090558525091;53.63118675816804
2024-01-22 15:59:22.00;2024-01-22 16:59:22.00;894.0588300228119;51.565689;7.058583;4.872850992410664;53.77261205669492
2024-01-22 15:59:23.00;2024-01-22 16:59:23.00;895.0561480522156;51.565556;7.058622;4.870504949649177;54.18734401464462
2024-01-22 15:59:24.00;2024-01-22 16:59:24.00;896.0604280233383;51.565421;7.058660;4.882433529540791;54.37708666082472
2024-01-22 15:59:25.00;2024-01-22 16:59:25.00;897.0589090585709;51.565297;7.058699;4.874788302632808;54.54439700674266
2024-01-22 15:59:26.00;2024-01-22 16:59:26.00;898.0604410171509;51.565179;7.058733;4.867480817025299;54.83735185023397
2024-01-22 15:59:27.00;2024-01-22 16:59:27.00;899.0605120658875;51.565068;7.058768;4.851321623818702;54.89865158684552
2024-01-22 15:59:28.00;2024-01-22 16:59:28.00;900.0604660511017;51.564961;7.058793;4.846669151531122;54.99233054742217
2024-01-22 15:59:29.00;2024-01-22 16:59:29.00;901.0604749917984;51.564864;7.058820;4.843371457831621;55.09105547145009
2024-01-22 15:59:31.00;2024-01-22 16:59:31.00;903.0604690313339;51.564708;7.058860;4.833817140872102;54.94197306875139
2024-01-22 15:59:33.00;2024-01-22 16:59:33.00;905.0557450056076;51.564596;7.058894;4.827947115862399;55.04685869719833
2024-01-22 15:59:36.00;2024-01-22 16:59:36.00;908.0605410337448;51.564491;7.058936;4.819436234698983;55.04794113989919
2024-01-22 15:59:55.00;2024-01-22 16:59:55.00;927.0596410036087;51.564393;7.058948;4.787581048524024;56.25794578250498
2024-01-22 15:59:57.00;2024-01-22 16:59:57.00;929.0607670545578;51.564289;7.058978;4.788779546585859;56.36335861682892
2024-01-22 15:59:59.00;2024-01-22 16:59:59.00;931.0607260465622;51.564144;7.059028;4.786175964400535;56.23895092401654
2024-01-22 16:00:01.00;2024-01-22 17:00:01.00;933.0607470273972;51.563968;7.059104;4.780039236264002;56.1393884671852
2024-01-22 16:00:02.00;2024-01-22 17:00:02.00;934.0578609704971;51.563870;7.059136;4.77798586329747;55.98645458184183
2024-01-22 16:00:03.00;2024-01-22 17:00:03.00;935.0608390569687;51.563767;7.059171;4.779410931597876;56.0024143140763
2024-01-22 16:00:04.00;2024-01-22 17:00:04.00;936.0567430257797;51.563658;7.059207;4.788740513481359;55.90663344506174
2024-01-22 16:00:05.00;2024-01-22 17:00:05.00;937.0608509778976;51.563541;7.059243;4.79482920501033;55.74725754093379
2024-01-22 16:00:06.00;2024-01-22 17:00:06.00;938.0608019828796;51.563418;7.059281;4.802631499664098;55.6825350727886
2024-01-22 16:00:07.00;2024-01-22 17:00:07.00;939.060821056366;51.563291;7.059323;4.809136887332136;55.38088348507881
2024-01-22 16:00:08.00;2024-01-22 17:00:08.00;940.060821056366;51.563161;7.059367;4.809516965896582;55.15723637398332
2024-01-22 16:00:09.00;2024-01-22 17:00:09.00;941.0608360767365;51.563022;7.059411;4.807550573405428;54.95876583922654
2024-01-22 16:00:10.00;2024-01-22 17:00:10.00;942.0608600378036;51.562880;7.059456;4.808023402435754;54.66773272957653
2024-01-22 16:00:11.00;2024-01-22 17:00:11.00;943.0609140396118;51.562732;7.059499;4.807126510979356;54.53768703062087
2024-01-22 16:00:12.00;2024-01-22 17:00:12.00;944.0608420372009;51.562581;7.059539;4.808982920308611;54.27558150235564
2024-01-22 16:00:13.00;2024-01-22 17:00:13.00;945.0608459711075;51.562429;7.059571;4.810209759141441;53.9935853453353
2024-01-22 16:00:14.00;2024-01-22 17:00:14.00;946.060868024826;51.562268;7.059597;4.809144648743316;53.80352961085737
2024-01-22 16:00:15.00;2024-01-22 17:00:15.00;947.06085896492;51.562106;7.059620;4.81487517994339;53.61898305546492
2024-01-22 16:00:16.00;2024-01-22 17:00:16.00;948.0595520734787;51.561938;7.059641;4.812788123497871;53.40717948973179
2024-01-22 16:00:17.00;2024-01-22 17:00:17.00;949.0608830451965;51.561768;7.059649;4.818439770223308;53.38825628254563
2024-01-22 16:00:18.00;2024-01-22 17:00:18.00;950.0609700679779;51.561595;7.059653;4.812367915843349;53.22604050114751
2024-01-22 16:00:19.00;2024-01-22 17:00:19.00;951.0609049797058;51.561418;7.059649;4.816482133365546;53.11673707701266
2024-01-22 16:00:20.00;2024-01-22 17:00:20.00;952.0609120130539;51.561245;7.059639;4.823287427870195;52.70335505716503
2024-01-22 16:00:21.00;2024-01-22 17:00:21.00;953.060919046402;51.561077;7.059627;4.824268847664024;52.44078924041241
2024-01-22 16:00:22.00;2024-01-22 17:00:22.00;954.061017036438;51.560905;7.059615;4.804839157492254;52.76293568965048
2024-01-22 16:00:23.00;2024-01-22 17:00:23.00;955.0609509944916;51.560731;7.059604;4.794742907448066;52.72412322275341
2024-01-22 16:00:24.00;2024-01-22 17:00:24.00;956.060947060585;51.560560;7.059589;4.786239392868689;52.03037380892783
2024-01-22 16:00:25.00;2024-01-22 17:00:25.00;957.0609509944916;51.560386;7.059572;4.778923880062216;51.88097611069679
2024-01-22 16:00:26.00;2024-01-22 17:00:26.00;958.0607990026474;51.560213;7.059565;4.774282099580526;51.76784906536341
2024-01-22 16:00:27.00;2024-01-22 17:00:27.00;959.0609769821167;51.560040;7.059564;4.775464823631434;51.47157653421164
2024-01-22 16:00:28.00;2024-01-22 17:00:28.00;960.0609970092773;51.559864;7.059572;4.767245005876759;51.56274203024805
2024-01-22 16:00:29.00;2024-01-22 17:00:29.00;961.0609650611877;51.559693;7.059592;4.753721047193495;51.43309097085148
2024-01-22 16:00:30.00;2024-01-22 17:00:30.00;962.0609740018845;51.559520;7.059612;4.743242859544559;51.18005228601396
2024-01-22 16:00:31.00;2024-01-22 17:00:31.00;963.0597480535507;51.559347;7.059650;4.737685245324888;50.50188068300486
2024-01-22 16:00:32.00;2024-01-22 17:00:32.00;964.0581480264664;51.559180;7.059695;4.739811355008014;50.83879544585943
2024-01-22 16:00:33.00;2024-01-22 17:00:33.00;965.0609819889069;51.559010;7.059755;4.729049105003651;50.60483290068805
2024-01-22 16:00:34.00;2024-01-22 17:00:34.00;966.060849070549;51.558842;7.059832;4.726160360400552;50.5050281221047
2024-01-22 16:00:35.00;2024-01-22 17:00:35.00;967.0609910488129;51.558684;7.059942;4.722262658697907;50.05685810931027
2024-01-22 16:00:36.00;2024-01-22 17:00:36.00;968.0610140562057;51.558512;7.060031;4.791664832173379;49.30355697125196
2024-01-22 16:00:37.00;2024-01-22 17:00:37.00;969.0609979629517;51.558352;7.060137;4.795805224470545;48.87598413415253
2024-01-22 16:00:38.00;2024-01-22 17:00:38.00;970.0609920024872;51.558193;7.060214;4.78706769053492;48.66611230373383
2024-01-22 16:00:39.00;2024-01-22 17:00:39.00;971.0609830617905;51.558031;7.060332;4.788987396543615;48.41418014932424
2024-01-22 16:00:40.00;2024-01-22 17:00:40.00;972.0610530376434;51.557879;7.060464;4.799721906763672;47.93615639489144
2024-01-22 16:00:41.00;2024-01-22 17:00:41.00;973.0609899759293;51.557729;7.060578;4.782741775646014;47.54993583634496
2024-01-22 16:00:42.00;2024-01-22 17:00:42.00;974.0609840154648;51.557571;7.060707;4.777520006504292;47.60740175563842
2024-01-22 16:00:43.00;2024-01-22 17:00:43.00;975.0609830617905;51.557427;7.060829;4.768735398584002;46.99688010942191
2024-01-22 16:00:44.00;2024-01-22 17:00:44.00;976.0610409975052;51.557275;7.060943;4.762259910429556;46.72452741488814
2024-01-22 16:00:45.00;2024-01-22 17:00:45.00;977.0609849691391;51.557123;7.061047;4.767357584491696;46.71590900421143
2024-01-22 16:00:46.00;2024-01-22 17:00:46.00;978.059839963913;51.556970;7.061146;4.770441758541613;46.40600017923862
2024-01-22 16:00:47.00;2024-01-22 17:00:47.00;979.0582720041275;51.556820;7.061240;4.77314772984363;46.61970489099622
2024-01-22 16:00:48.00;2024-01-22 17:00:48.00;980.0610150098801;51.556673;7.061326;4.767771203477842;46.51906415633857
2024-01-22 16:00:49.00;2024-01-22 17:00:49.00;981.0570920705795;51.556525;7.061399;4.745465707177845;46.51508927997202
2024-01-22 16:00:50.00;2024-01-22 17:00:50.00;982.0609920024872;51.556383;7.061481;4.808776842693611;47.68286314047873
2024-01-22 16:00:51.00;2024-01-22 17:00:51.00;983.0609979629517;51.556244;7.061549;4.824535701451899;48.08216458093375
2024-01-22 16:00:52.00;2024-01-22 17:00:52.00;984.0610539913177;51.556113;7.061614;4.837027080353119;48.39797576423734
2024-01-22 16:00:53.00;2024-01-22 17:00:53.00;985.0610730648041;51.555995;7.061681;4.826715431362821;48.47988432832062
2024-01-22 16:00:54.00;2024-01-22 17:00:54.00;986.0610830783844;51.555881;7.061745;4.825950869968309;48.56540322862566
2024-01-22 16:00:55.00;2024-01-22 17:00:55.00;987.0610040426254;51.555776;7.061805;4.826820084066473;48.52600270695984
2024-01-22 16:00:56.00;2024-01-22 17:00:56.00;988.0610220432281;51.555689;7.061853;4.82899495897095;48.46735034883022
2024-01-22 16:00:58.00;2024-01-22 17:00:58.00;990.0611300468445;51.555537;7.061937;4.824918194651018;48.41572858486325
2024-01-22 16:01:00.00;2024-01-22 17:01:00.00;992.0610500574112;51.555442;7.061985;4.816766390234959;48.20310118515044
2024-01-22 16:01:14.00;2024-01-22 17:01:14.00;1006.061120033264;51.555359;7.062049;4.797457185133339;48.97852014470845
2024-01-22 16:01:21.00;2024-01-22 17:01:21.00;1013.058376073837;51.555262;7.062098;4.784638273185104;48.97765616606921
2024-01-22 16:01:23.00;2024-01-22 17:01:23.00;1015.06121301651;51.555152;7.062158;4.791993901878277;48.93977765087038
2024-01-22 16:01:25.00;2024-01-22 17:01:25.00;1017.061210036278;51.555006;7.062239;4.812622946130594;48.84719618689269
2024-01-22 16:01:27.00;2024-01-22 17:01:27.00;1019.061225056648;51.554828;7.062338;4.847975429506986;48.60831797681749
2024-01-22 16:01:28.00;2024-01-22 17:01:28.00;1020.061536073685;51.554728;7.062384;4.873711974906825;48.57026331406087
2024-01-22 16:01:29.00;2024-01-22 17:01:29.00;1021.061269044876;51.554618;7.062436;4.896702991835843;48.39234434533864
2024-01-22 16:01:30.00;2024-01-22 17:01:30.00;1022.061336040497;51.554486;7.062495;4.893442118446644;48.03420805931091
2024-01-22 16:01:31.00;2024-01-22 17:01:31.00;1023.061352968216;51.554366;7.062589;4.900724535132535;47.70634775236249
2024-01-22 16:01:32.00;2024-01-22 17:01:32.00;1024.061300039291;51.554239;7.062651;4.902123789520271;47.58298503048718
2024-01-22 16:01:33.00;2024-01-22 17:01:33.00;1025.061297059059;51.554103;7.062728;4.906389944824705;47.38046812359244
2024-01-22 16:01:34.00;2024-01-22 17:01:34.00;1026.0613540411;51.553954;7.062783;4.907025839514975;47.25199209619313
2024-01-22 16:01:35.00;2024-01-22 17:01:35.00;1027.061303973198;51.553799;7.062847;4.908379910230161;47.18900895025581
2024-01-22 16:01:36.00;2024-01-22 17:01:36.00;1028.058166980743;51.553645;7.062924;4.902844583657711;47.17575400788337
2024-01-22 16:01:37.00;2024-01-22 17:01:37.00;1029.056694030762;51.553485;7.063003;4.894129896461783;47.17907789815217
2024-01-22 16:01:38.00;2024-01-22 17:01:38.00;1030.061331033707;51.553322;7.063091;4.906196176748552;47.06454771384597
2024-01-22 16:01:39.00;2024-01-22 17:01:39.00;1031.0613540411;51.553156;7.063188;4.921072839426758;46.93661292362958
2024-01-22 16:01:40.00;2024-01-22 17:01:40.00;1032.061321973801;51.552998;7.063281;4.931206489189635;46.7362151267007
2024-01-22 16:01:41.00;2024-01-22 17:01:41.00;1033.06141102314;51.552837;7.063382;4.948852999079075;46.42239197064191
2024-01-22 16:01:42.00;2024-01-22 17:01:42.00;1034.061375021935;51.552680;7.063480;4.991284010965751;46.30343976430595
2024-01-22 16:01:43.00;2024-01-22 17:01:43.00;1035.061342000961;51.552521;7.063588;5.028596117921618;46.06040241569281
2024-01-22 16:01:44.00;2024-01-22 17:01:44.00;1036.061383008957;51.552363;7.063695;5.006790498552932;45.88822171837091
2024-01-22 16:01:45.00;2024-01-22 17:01:45.00;1037.061380982399;51.552194;7.063811;4.915661141429548;45.79821627493948
2024-01-22 16:01:46.00;2024-01-22 17:01:46.00;1038.057965040207;51.552036;7.063924;4.88378211424047;45.32576995622367
2024-01-22 16:01:47.00;2024-01-22 17:01:47.00;1039.061380028725;51.551878;7.064044;4.880864268859431;45.10132007393986
2024-01-22 16:01:48.00;2024-01-22 17:01:48.00;1040.061395049095;51.551716;7.064160;4.874028604425476;44.77709949202836
2024-01-22 16:01:49.00;2024-01-22 17:01:49.00;1041.056815028191;51.551557;7.064275;4.881283878503231;44.34572210907936
2024-01-22 16:01:50.00;2024-01-22 17:01:50.00;1042.061416983604;51.551393;7.064383;4.896650088743084;43.88432393502444
2024-01-22 16:01:51.00;2024-01-22 17:01:51.00;1043.061419010162;51.551236;7.064477;4.901347243325564;43.47008327674121
2024-01-22 16:01:52.00;2024-01-22 17:01:52.00;1044.061429977417;51.551071;7.064569;4.924162635134893;43.2215324761346
2024-01-22 16:01:53.00;2024-01-22 17:01:53.00;1045.061437010765;51.550911;7.064677;4.936938659163643;42.82430067658424
2024-01-22 16:01:54.00;2024-01-22 17:01:54.00;1046.061439037323;51.550732;7.064773;4.906634236840242;42.48715278692544
2024-01-22 16:01:55.00;2024-01-22 17:01:55.00;1047.061464071274;51.550551;7.064866;4.888129015117451;42.05197379738092
2024-01-22 16:01:56.00;2024-01-22 17:01:56.00;1048.0614579916;51.550376;7.064966;4.888985841223094;41.65544268488884
2024-01-22 16:01:57.00;2024-01-22 17:01:57.00;1049.061475992203;51.550197;7.065063;4.887747637625329;41.17845077533275
2024-01-22 16:01:58.00;2024-01-22 17:01:58.00;1050.056972026825;51.550027;7.065154;4.878009895004848;40.59633107390255
2024-01-22 16:01:59.00;2024-01-22 17:01:59.00;1051.061490058899;51.549844;7.065250;4.876714908927511;40.41204493213445
2024-01-22 16:02:00.00;2024-01-22 17:02:00.00;1052.061501979828;51.549669;7.065330;4.880794391134517;39.88785623386502
2024-01-22 16:02:01.00;2024-01-22 17:02:01.00;1053.06162405014;51.549492;7.065415;4.884374392844225;39.47403838671744
2024-01-22 16:02:02.00;2024-01-22 17:02:02.00;1054.061125040054;51.549314;7.065499;4.883005995041406;39.09037802834064
2024-01-22 16:02:03.00;2024-01-22 17:02:03.00;1055.061508059502;51.549152;7.065581;4.879050086675604;38.6488751033321
2024-01-22 16:02:04.00;2024-01-22 17:02:04.00;1056.061532974243;51.549000;7.065659;4.863258127908414;38.31188446842134
2024-01-22 16:02:05.00;2024-01-22 17:02:05.00;1057.057574987411;51.548851;7.065732;4.854511984982708;38.0115275727585
2024-01-22 16:02:06.00;2024-01-22 17:02:06.00;1058.061532020569;51.548704;7.065812;4.851839779402305;37.79096334334463
2024-01-22 16:02:07.00;2024-01-22 17:02:07.00;1059.057057023048;51.548569;7.065885;4.846062429818389;37.69066897686571
2024-01-22 16:02:08.00;2024-01-22 17:02:08.00;1060.061632990837;51.548438;7.065951;4.838059683717665;37.42039616033435
2024-01-22 16:02:09.00;2024-01-22 17:02:09.00;1061.061563968658;51.548315;7.066014;4.834088951605498;37.33405350986868
2024-01-22 16:02:10.00;2024-01-22 17:02:10.00;1062.06157207489;51.548197;7.066071;4.834124140486103;37.30304124206305
2024-01-22 16:02:11.00;2024-01-22 17:02:11.00;1063.061617016792;51.548093;7.066125;4.83221615640362;37.01806905586272
2024-01-22 16:02:12.00;2024-01-22 17:02:12.00;1064.061673998833;51.547996;7.066175;4.829812845857697;37.13362328521907
2024-01-22 16:02:14.00;2024-01-22 17:02:14.00;1066.061601042747;51.547832;7.066255;4.824342217197739;36.74664795026183
2024-01-22 16:02:16.00;2024-01-22 17:02:16.00;1068.061603069305;51.547693;7.066316;4.823915306152299;36.65404435433447
2024-01-22 16:02:18.00;2024-01-22 17:02:18.00;1070.061616063118;51.547585;7.066358;4.818278479283712;36.60490507632494
2024-01-22 16:02:40.00;2024-01-22 17:02:40.00;1092.061928033829;51.547461;7.066381;4.810469259664738;37.79905611649156
2024-01-22 16:02:42.00;2024-01-22 17:02:42.00;1094.061877012253;51.547353;7.066444;4.80859561868359;37.92933731433004
2024-01-22 16:02:44.00;2024-01-22 17:02:44.00;1096.061940073967;51.547202;7.066502;4.808970245635702;37.6531374938786
2024-01-22 16:02:45.00;2024-01-22 17:02:45.00;1097.061909079552;51.547112;7.066530;4.808034974594787;37.5489402692765
2024-01-22 16:02:46.00;2024-01-22 17:02:46.00;1098.06141602993;51.547015;7.066568;4.812810266637503;37.1301296968013
2024-01-22 16:02:47.00;2024-01-22 17:02:47.00;1099.061892986298;51.546910;7.066599;4.808513544851208;37.55047089606524
2024-01-22 16:02:48.00;2024-01-22 17:02:48.00;1100.061946988106;51.546799;7.066618;4.810040600125203;37.35065864771605
2024-01-22 16:02:49.00;2024-01-22 17:02:49.00;1101.060881018639;51.546686;7.066654;4.816500574511859;37.56225330382586
2024-01-22 16:02:50.00;2024-01-22 17:02:50.00;1102.057237029076;51.546571;7.066743;4.817037348461391;37.67586091626436
2024-01-22 16:02:51.00;2024-01-22 17:02:51.00;1103.061908006668;51.546449;7.066792;4.827959068939199;37.00755153317004
2024-01-22 16:02:52.00;2024-01-22 17:02:52.00;1104.057569980621;51.546307;7.066827;4.83090107239662;37.03287658561021
2024-01-22 16:02:53.00;2024-01-22 17:02:53.00;1105.061949014664;51.546173;7.066880;4.832197830726341;36.79293506219983
2024-01-22 16:02:54.00;2024-01-22 17:02:54.00;1106.062031984329;51.546041;7.066937;4.848719502122231;36.99422516208142
2024-01-22 16:02:55.00;2024-01-22 17:02:55.00;1107.061964035034;51.545896;7.066999;4.85445448299848;37.11231108754873
2024-01-22 16:02:56.00;2024-01-22 17:02:56.00;1108.061985015869;51.545745;7.067060;4.840136217795985;36.80318774096668
2024-01-22 16:02:57.00;2024-01-22 17:02:57.00;1109.062029004097;51.545591;7.067118;4.838482503660952;37.03997955098748
2024-01-22 16:02:58.00;2024-01-22 17:02:58.00;1110.062056064606;51.545433;7.067181;4.834688970181458;36.93054198008031
2024-01-22 16:02:59.00;2024-01-22 17:02:59.00;1111.061993002892;51.545274;7.067262;4.833610914654536;36.73338123131543
2024-01-22 16:03:00.00;2024-01-22 17:03:00.00;1112.061995029449;51.545108;7.067322;4.83464841869952;36.60107100382447
2024-01-22 16:03:01.00;2024-01-22 17:03:01.00;1113.061542034149;51.544939;7.067385;4.838112800383045;36.54134380910546
2024-01-22 16:03:02.00;2024-01-22 17:03:02.00;1114.061352968216;51.544771;7.067456;4.835248313421658;36.58065053354949
2024-01-22 16:03:03.00;2024-01-22 17:03:03.00;1115.060644030571;51.544604;7.067526;4.832145273910004;37.0050285924226
2024-01-22 16:03:04.00;2024-01-22 17:03:04.00;1116.062031984329;51.544432;7.067594;4.834988115330983;36.82913313712925
2024-01-22 16:03:05.00;2024-01-22 17:03:05.00;1117.062038064003;51.544260;7.067660;4.830662241219185;36.43189359363168
2024-01-22 16:03:06.00;2024-01-22 17:03:06.00;1118.059126019478;51.544092;7.067730;4.826457319483811;36.95217122789472
2024-01-22 16:03:07.00;2024-01-22 17:03:07.00;1119.062057971954;51.543921;7.067798;4.822984754590503;37.07399109378457
2024-01-22 16:03:08.00;2024-01-22 17:03:08.00;1120.062137961388;51.543750;7.067869;4.827578002500895;36.83685028366745
2024-01-22 16:03:09.00;2024-01-22 17:03:09.00;1121.062101006508;51.543587;7.067936;4.822788352869438;36.93420091830194
2024-01-22 16:03:10.00;2024-01-22 17:03:10.00;1122.058227062225;51.543420;7.068001;4.8185299672072;37.12521737907082
2024-01-22 16:03:11.00;2024-01-22 17:03:11.00;1123.059298992157;51.543254;7.068070;4.820142929353619;37.41470045503229
2024-01-22 16:03:12.00;2024-01-22 17:03:12.00;1124.062188029289;51.543093;7.068144;4.819104610368378;37.87131480313838
2024-01-22 16:03:13.00;2024-01-22 17:03:13.00;1125.06210398674;51.542940;7.068221;4.817811402393835;38.20822018478066
2024-01-22 16:03:14.00;2024-01-22 17:03:14.00;1126.062134981155;51.542793;7.068289;4.813126712372871;38.27360348682851
2024-01-22 16:03:15.00;2024-01-22 17:03:15.00;1127.062183976173;51.542649;7.068349;4.81178676076553;38.91833890043199
2024-01-22 16:03:16.00;2024-01-22 17:03:16.00;1128.062111020088;51.542521;7.068410;4.810246058660835;39.52859650272876
2024-01-22 16:03:17.00;2024-01-22 17:03:17.00;1129.062188029289;51.542401;7.068462;4.816855408663034;39.69096800684929
2024-01-22 16:03:18.00;2024-01-22 17:03:18.00;1130.062144041061;51.542293;7.068502;4.83421304006082;40.01487778685987
2024-01-22 16:03:19.00;2024-01-22 17:03:19.00;1131.062222003937;51.542198;7.068538;4.862021019319291;40.35839714575559
2024-01-22 16:03:21.00;2024-01-22 17:03:21.00;1133.062162995338;51.542045;7.068604;4.855923891037795;40.27597450278699
2024-01-22 16:03:23.00;2024-01-22 17:03:23.00;1135.062175989151;51.541940;7.068691;4.871518749688002;40.17991316970438
2024-01-22 16:03:42.00;2024-01-22 17:03:42.00;1154.062389969826;51.541849;7.068669;4.747903823590304;41.79566325992346
2024-01-22 16:03:47.00;2024-01-22 17:03:47.00;1159.060647964478;51.541715;7.068729;4.739290481990479;42.65399874839932
2024-01-22 16:03:49.00;2024-01-22 17:03:49.00;1161.059527039528;51.541603;7.068762;4.748119904585012;43.75084114912897
2024-01-22 16:03:51.00;2024-01-22 17:03:51.00;1163.062466025352;51.541453;7.068812;4.727464724199573;44.47072624322027
2024-01-22 16:03:53.00;2024-01-22 17:03:53.00;1165.062412023544;51.541289;7.068842;4.721930162254995;45.2626001406461
2024-01-22 16:03:54.00;2024-01-22 17:03:54.00;1166.062532067299;51.541200;7.068865;4.702311966707839;46.00739265419543
2024-01-22 16:03:56.00;2024-01-22 17:03:56.00;1168.062450051308;51.541023;7.068945;4.690873359075662;46.73564976640046
2024-01-22 16:03:57.00;2024-01-22 17:03:57.00;1169.062455058098;51.540923;7.068981;4.697069051256281;46.77701023127884
2024-01-22 16:03:58.00;2024-01-22 17:03:58.00;1170.062458992004;51.540815;7.069035;4.68662867321683;47.66977265570313
2024-01-22 16:03:59.00;2024-01-22 17:03:59.00;1171.062474012375;51.540714;7.069080;4.681982677619753;47.68218188267201
2024-01-22 16:04:00.00;2024-01-22 17:04:00.00;1172.062506079674;51.540610;7.069133;4.690550191399088;48.10692382231355
2024-01-22 16:04:01.00;2024-01-22 17:04:01.00;1173.062476038933;51.540510;7.069176;4.692289074737862;48.54137180000544
2024-01-22 16:04:02.00;2024-01-22 17:04:02.00;1174.062496066093;51.540393;7.069211;4.686206849399515;48.80685027688742
2024-01-22 16:04:03.00;2024-01-22 17:04:03.00;1175.062506079674;51.540281;7.069274;4.687988639499432;49.23709920886904
2024-01-22 16:04:04.00;2024-01-22 17:04:04.00;1176.062509059906;51.540154;7.069340;4.684760919356873;49.60142299998552
2024-01-22 16:04:05.00;2024-01-22 17:04:05.00;1177.06251502037;51.540030;7.069378;4.664161222924297;49.87768301926553
2024-01-22 16:04:06.00;2024-01-22 17:04:06.00;1178.062527060509;51.539907;7.069428;4.669392621421176;50.13220813777298
2024-01-22 16:04:07.00;2024-01-22 17:04:07.00;1179.062553048134;51.539787;7.069469;4.661964410070894;50.16596807725728
2024-01-22 16:04:08.00;2024-01-22 17:04:08.00;1180.060638070107;51.539673;7.069524;4.665708043424751;51.46069168113172
2024-01-22 16:04:09.00;2024-01-22 17:04:09.00;1181.062548995018;51.539558;7.069578;4.671862749543863;51.71306065004319
2024-01-22 16:04:10.00;2024-01-22 17:04:10.00;1182.062545061111;51.539445;7.069634;4.681801140478465;52.64424045104533
2024-01-22 16:04:11.00;2024-01-22 17:04:11.00;1183.062569975853;51.539318;7.069691;4.68805837608903;52.88691203016788
2024-01-22 16:04:12.00;2024-01-22 17:04:12.00;1184.06260406971;51.539184;7.069751;4.690387572663337;52.25354765262455
2024-01-22 16:04:13.00;2024-01-22 17:04:13.00;1185.062649965286;51.539052;7.069812;4.70118085814542;53.48994138464332
2024-01-22 16:04:14.00;2024-01-22 17:04:14.00;1186.062613964081;51.538912;7.069884;4.702762218962219;52.8210609825328
2024-01-22 16:04:15.00;2024-01-22 17:04:15.00;1187.062600970268;51.538772;7.069953;4.714351535507351;51.90498310606927
2024-01-22 16:04:16.00;2024-01-22 17:04:16.00;1188.062676072121;51.538634;7.070023;4.736050206296869;51.26241839118302
2024-01-22 16:04:17.00;2024-01-22 17:04:17.00;1189.062317013741;51.538489;7.070120;4.74769411910416;51.09705097600818
2024-01-22 16:04:18.00;2024-01-22 17:04:18.00;1190.059587001801;51.538343;7.070215;4.772913960699775;50.47908864635974
2024-01-22 16:04:19.00;2024-01-22 17:04:19.00;1191.062631011009;51.538207;7.070313;4.832403995134381;50.22803078405559
2024-01-22 16:04:20.00;2024-01-22 17:04:20.00;1192.062630057335;51.538070;7.070423;4.747115527605509;48.97449289914221
2024-01-22 16:04:21.00;2024-01-22 17:04:21.00;1193.062656998634;51.537966;7.070514;4.757460342719748;48.50341439340264
2024-01-22 16:04:22.00;2024-01-22 17:04:22.00;1194.058910965919;51.537842;7.070619;4.708449369387797;47.66198294889182
2024-01-22 16:04:23.00;2024-01-22 17:04:23.00;1195.062695980072;51.537735;7.070714;4.680565343256925;47.30556491483003
2024-01-22 16:04:24.00;2024-01-22 17:04:24.00;1196.058940052986;51.537631;7.070812;4.672324714074171;46.75552971381694
2024-01-22 16:04:25.00;2024-01-22 17:04:25.00;1197.062743067741;51.537535;7.070921;4.665172220599147;46.44092284422368
2024-01-22 16:04:26.00;2024-01-22 17:04:26.00;1198.062713027;51.537445;7.071019;4.646016412637072;46.0713864704594
2024-01-22 16:04:27.00;2024-01-22 17:04:27.00;1199.062702059746;51.537347;7.071131;4.632091408167621;45.23781641200185
2024-01-22 16:04:28.00;2024-01-22 17:04:28.00;1200.062711000443;51.537252;7.071255;4.6230972846012;44.88935287576169
2024-01-22 16:04:29.00;2024-01-22 17:04:29.00;1201.062710046768;51.537154;7.071377;4.620797778012514;44.20712379179895
2024-01-22 16:04:30.00;2024-01-22 17:04:30.00;1202.062793016434;51.537052;7.071491;4.613720880316717;43.47944868821651
2024-01-22 16:04:31.00;2024-01-22 17:04:31.00;1203.062824964523;51.536954;7.071630;4.614342900637793;42.77754686493427
2024-01-22 16:04:32.00;2024-01-22 17:04:32.00;1204.062734007835;51.536857;7.071770;4.61387572917111;42.50217488128692
2024-01-22 16:04:33.00;2024-01-22 17:04:33.00;1205.062736034393;51.536768;7.071893;4.600124560925117;42.05433542095125
2024-01-22 16:04:34.00;2024-01-22 17:04:34.00;1206.058246016502;51.536687;7.072006;4.591397679616978;41.85279863048345
2024-01-22 16:04:35.00;2024-01-22 17:04:35.00;1207.058655977249;51.536612;7.072106;4.588449852900704;41.9147232202813
2024-01-22 16:04:36.00;2024-01-22 17:04:36.00;1208.062772989273;51.536540;7.072194;4.583091239316825;41.29443819727749
2024-01-22 16:04:38.00;2024-01-22 17:04:38.00;1210.060844063759;51.536411;7.072358;4.58159141435452;40.88145885616541
2024-01-22 16:04:40.00;2024-01-22 17:04:40.00;1212.062834024429;51.536301;7.072512;4.577828548055565;40.48184800613672
2024-01-22 16:04:42.00;2024-01-22 17:04:42.00;1214.062929034233;51.536229;7.072619;4.688353628441404;40.23814180865884
2024-01-22 16:05:06.00;2024-01-22 17:05:06.00;1238.063251972198;51.536105;7.072826;4.790277739299093;39.89246733672917
2024-01-22 16:05:08.00;2024-01-22 17:05:08.00;1240.060180068016;51.536025;7.072952;4.783442974962357;39.92140170559287
2024-01-22 16:05:10.00;2024-01-22 17:05:10.00;1242.063269972801;51.535908;7.073102;4.783642307800852;39.73197836894542
2024-01-22 16:05:12.00;2024-01-22 17:05:12.00;1244.063318014145;51.535782;7.073304;4.823036032211708;39.56250095274299
2024-01-22 16:05:13.00;2024-01-22 17:05:13.00;1245.063335061073;51.535708;7.073422;4.812170787351998;39.49296109192073
2024-01-22 16:05:14.00;2024-01-22 17:05:14.00;1246.063325047493;51.535623;7.073549;4.802745282915827;39.6879640975967
2024-01-22 16:05:15.00;2024-01-22 17:05:15.00;1247.0633289814;51.535544;7.073676;4.803502926265805;39.40254697389901
2024-01-22 16:05:16.00;2024-01-22 17:05:16.00;1248.063362002373;51.535452;7.073812;4.808557950013971;38.88744766544551
2024-01-22 16:05:17.00;2024-01-22 17:05:17.00;1249.062106013298;51.535363;7.073953;4.815799894140262;38.99617086350918
2024-01-22 16:05:18.00;2024-01-22 17:05:18.00;1250.063439011574;51.535269;7.074107;4.836178281463206;38.72682287823409
2024-01-22 16:05:19.00;2024-01-22 17:05:19.00;1251.063454985619;51.535156;7.074251;4.816847543069269;38.81214379426092
2024-01-22 16:05:20.00;2024-01-22 17:05:20.00;1252.059592962265;51.535050;7.074419;4.82246057972289;39.03353174123913
2024-01-22 16:05:21.00;2024-01-22 17:05:21.00;1253.061524033546;51.534961;7.074594;4.808489051151885;38.76366868428886
2024-01-22 16:05:22.00;2024-01-22 17:05:22.00;1254.063621044159;51.534848;7.074755;4.8122759347412;39.47624265775084
2024-01-22 16:05:23.00;2024-01-22 17:05:23.00;1255.059772014618;51.534745;7.074926;4.829654873306072;38.60061330720782
2024-01-22 16:05:24.00;2024-01-22 17:05:24.00;1256.063485980034;51.534636;7.075094;4.819141184068143;38.43039156030864
2024-01-22 16:05:25.00;2024-01-22 17:05:25.00;1257.063446998596;51.534525;7.075278;4.827996644247915;38.12875570822507
2024-01-22 16:05:26.00;2024-01-22 17:05:26.00;1258.063534975052;51.534407;7.075465;4.82724685510732;38.45044501125813
2024-01-22 16:05:27.00;2024-01-22 17:05:27.00;1259.063441038132;51.534288;7.075654;4.821854920644531;38.26175817009062
2024-01-22 16:05:28.00;2024-01-22 17:05:28.00;1260.063459038734;51.534179;7.075854;4.813396817236007;38.26369884517044
2024-01-22 16:05:29.00;2024-01-22 17:05:29.00;1261.063467979431;51.534068;7.076053;4.8165009688777;38.12717330642045
2024-01-22 16:05:30.00;2024-01-22 17:05:30.00;1262.06353199482;51.533967;7.076264;4.816953614590355;38.38259043451399
2024-01-22 16:05:31.00;2024-01-22 17:05:31.00;1263.06349503994;51.533855;7.076464;4.833335354720607;38.28216479066759
2024-01-22 16:05:32.00;2024-01-22 17:05:32.00;1264.062368035316;51.533744;7.076656;4.842579631412169;37.62037181202322
2024-01-22 16:05:33.00;2024-01-22 17:05:33.00;1265.063506007195;51.533645;7.076835;4.888440052832415;37.48918192926794
2024-01-22 16:05:34.00;2024-01-22 17:05:34.00;1266.060039043427;51.533550;7.077010;4.9318305690645;37.49678184278309
2024-01-22 16:05:35.00;2024-01-22 17:05:35.00;1267.05975496769;51.533468;7.077187;4.966370818600053;37.24209575541317
2024-01-22 16:05:36.00;2024-01-22 17:05:36.00;1268.063560962677;51.533376;7.077350;4.974668458272818;37.44730363506824
2024-01-22 16:05:37.00;2024-01-22 17:05:37.00;1269.060255050659;51.533311;7.077527;4.936922928817888;37.52432343829423
2024-01-22 16:05:38.00;2024-01-22 17:05:38.00;1270.061835050583;51.533223;7.077694;4.924887073656382;36.96408975869417
2024-01-22 16:05:39.00;2024-01-22 17:05:39.00;1271.062033057213;51.533132;7.077848;4.932555812904876;36.78700227104127
2024-01-22 16:05:40.00;2024-01-22 17:05:40.00;1272.063650965691;51.533050;7.078007;4.929446789901681;36.57848752569407
2024-01-22 16:05:41.00;2024-01-22 17:05:41.00;1273.063575029373;51.532967;7.078169;4.932191500799137;35.97110102511942
2024-01-22 16:05:42.00;2024-01-22 17:05:42.00;1274.063654065132;51.532880;7.078322;4.965575480478932;35.6440259469673
2024-01-22 16:05:43.00;2024-01-22 17:05:43.00;1275.063695073128;51.532794;7.078472;4.934767394803642;35.12482919730246
2024-01-22 16:05:44.00;2024-01-22 17:05:44.00;1276.059152007103;51.532710;7.078645;4.896763910969579;34.65721978992224
2024-01-22 16:05:45.00;2024-01-22 17:05:45.00;1277.063614964485;51.532634;7.078810;4.868676927109366;34.39915687032044
2024-01-22 16:05:46.00;2024-01-22 17:05:46.00;1278.063628077507;51.532557;7.078952;4.874887928631843;33.90430931095034
2024-01-22 16:05:47.00;2024-01-22 17:05:47.00;1279.063639998436;51.532475;7.079084;4.870979241935353;33.63307943288237
2024-01-22 16:05:48.00;2024-01-22 17:05:48.00;1280.061071038246;51.532397;7.079174;4.84641905640846;33.14131809957325
2024-01-22 16:05:49.00;2024-01-22 17:05:49.00;1281.059542059898;51.532326;7.079272;4.832469032780975;32.91676084510982
2024-01-22 16:05:50.00;2024-01-22 17:05:50.00;1282.060003995895;51.532258;7.079388;4.827593966921647;32.45933009125292
2024-01-22 16:05:52.00;2024-01-22 17:05:52.00;1284.06379699707;51.532132;7.079541;4.815195157125235;31.97072379291058
2024-01-22 16:05:54.00;2024-01-22 17:05:54.00;1286.058799028397;51.532045;7.079674;4.802084235582714;32.22466666251421
2024-01-22 16:05:56.00;2024-01-22 17:05:56.00;1288.063717007637;51.531951;7.079798;4.791195967215211;31.97291949205101
2024-01-22 16:05:58.00;2024-01-22 17:05:58.00;1290.063719987869;51.531848;7.079932;4.750687951411363;32.39495809655637
2024-01-22 16:06:00.00;2024-01-22 17:06:00.00;1292.063778042793;51.531733;7.080043;4.75980143615105;33.02365697734058
2024-01-22 16:06:02.00;2024-01-22 17:06:02.00;1294.062764048576;51.531620;7.080172;4.744279047449822;33.0573618458584
2024-01-22 16:06:04.00;2024-01-22 17:06:04.00;1296.060454010963;51.531531;7.080277;4.834631047923815;33.01437724288553
2024-01-22 16:06:07.00;2024-01-22 17:06:07.00;1299.063837051392;51.531435;7.080360;5.742071533359104;32.7561817234382
2024-01-22 16:06:29.00;2024-01-22 17:06:29.00;1321.064069032669;51.531241;7.080613;4.673606446089131;32.29842049535364
2024-01-22 16:06:30.00;2024-01-22 17:06:30.00;1322.064064979553;51.531168;7.080699;4.649621513310045;32.53421217482537
2024-01-22 16:06:31.00;2024-01-22 17:06:31.00;1323.064072012901;51.531071;7.080802;4.628328752081554;32.19420044124126
2024-01-22 16:06:32.00;2024-01-22 17:06:32.00;1324.064090967178;51.530992;7.080901;4.631553766960294;32.19734769780189
2024-01-22 16:06:33.00;2024-01-22 17:06:33.00;1325.061691045761;51.530913;7.080999;4.645561472143768;31.83115466032177
2024-01-22 16:06:34.00;2024-01-22 17:06:34.00;1326.064056992531;51.530830;7.081111;4.636781317355186;31.19312990363687
2024-01-22 16:06:35.00;2024-01-22 17:06:35.00;1327.064071059227;51.530743;7.081211;4.657004497218304;31.92316931951791
2024-01-22 16:06:36.00;2024-01-22 17:06:36.00;1328.064085006714;51.530638;7.081336;4.629641036585439;32.48521123081446
2024-01-22 16:06:37.00;2024-01-22 17:06:37.00;1329.064161062241;51.530536;7.081446;4.622196277121871;32.53443294670433
2024-01-22 16:06:38.00;2024-01-22 17:06:38.00;1330.064167976379;51.530428;7.081566;4.650687918737313;33.124945146963
2024-01-22 16:06:39.00;2024-01-22 17:06:39.00;1331.064095973969;51.530326;7.081694;4.68343756404096;32.62013287935406
2024-01-22 16:06:40.00;2024-01-22 17:06:40.00;1332.063866019249;51.530220;7.081824;4.725835450688905;33.41864972375333
2024-01-22 16:06:41.00;2024-01-22 17:06:41.00;1333.064118027687;51.530118;7.081978;5.034164985673584;33.96849817130715
2024-01-22 16:06:42.00;2024-01-22 17:06:42.00;1334.064146995544;51.530006;7.082124;5.010273477035854;34.59631111565977
2024-01-22 16:06:43.00;2024-01-22 17:06:43.00;1335.064241051674;51.529893;7.082225;5.044294436936497;34.64027352165431
2024-01-22 16:06:44.00;2024-01-22 17:06:44.00;1336.064184069633;51.529801;7.082329;5.045180656600604;33.32362214755267
2024-01-22 16:06:45.00;2024-01-22 17:06:45.00;1337.064185023308;51.529705;7.082440;5.064754616711096;33.34898102469742
2024-01-22 16:06:46.00;2024-01-22 17:06:46.00;1338.064218997955;51.529622;7.082537;5.126640495817833;33.12757851090282
2024-01-22 16:06:47.00;2024-01-22 17:06:47.00;1339.06423997879;51.529547;7.082618;5.172420157541974;33.20512050110847
2024-01-22 16:06:49.00;2024-01-22 17:06:49.00;1341.059419035912;51.529435;7.082800;5.089467782218379;33.40950200427324
2024-01-22 16:06:51.00;2024-01-22 17:06:51.00;1343.064260005951;51.529341;7.082943;5.04906239645427;33.63192053604871
2024-01-22 16:06:53.00;2024-01-22 17:06:53.00;1345.064277052879;51.529273;7.083049;5.10600863375718;33.73713250458241
2024-01-22 16:06:55.00;2024-01-22 17:06:55.00;1347.064347028732;51.529176;7.083140;5.091682704869741;33.74650412704796
2024-01-22 16:06:58.00;2024-01-22 17:06:58.00;1350.06428706646;51.529072;7.083227;5.100424854064356;33.68942331895232
2024-01-22 16:07:20.00;2024-01-22 17:07:20.00;1372.064444065094;51.528906;7.083301;5.008585953087568;34.20295014139265
2024-01-22 16:07:22.00;2024-01-22 17:07:22.00;1374.06186401844;51.528830;7.083417;5.046591564056722;34.02607007976621
2024-01-22 16:07:24.00;2024-01-22 17:07:24.00;1376.06453704834;51.528744;7.083607;4.925129639823143;33.66675857454538
2024-01-22 16:07:26.00;2024-01-22 17:07:26.00;1378.061616063118;51.528650;7.083742;4.911322129596509;33.20734420511872
2024-01-22 16:07:28.00;2024-01-22 17:07:28.00;1380.064525961876;51.528570;7.083843;4.955766974613541;33.54245350509882
2024-01-22 16:07:31.00;2024-01-22 17:07:31.00;1383.064555048943;51.528489;7.083909;4.978249730383268;33.47007936332375
2024-01-22 16:08:01.00;2024-01-22 17:08:01.00;1413.064648032188;51.528416;7.084126;4.844842590379031;34.25019640196115
2024-01-22 16:08:03.00;2024-01-22 17:08:03.00;1415.064843058586;51.528315;7.084249;4.83221684960564;34.1364329289645
2024-01-22 16:08:05.00;2024-01-22 17:08:05.00;1417.064858078957;51.528180;7.084411;4.872569265871769;33.8707260992378
2024-01-22 16:08:06.00;2024-01-22 17:08:06.00;1418.064846992493;51.528104;7.084509;4.907157665626365;34.12064142432064
2024-01-22 16:08:07.00;2024-01-22 17:08:07.00;1419.06227004528;51.528026;7.084605;4.958541447156372;33.98871906101704
2024-01-22 16:08:08.00;2024-01-22 17:08:08.00;1420.064869046211;51.527944;7.084702;5.022226534989731;34.33399227354676
2024-01-22 16:08:09.00;2024-01-22 17:08:09.00;1421.064959049225;51.527858;7.084810;5.045853289279387;34.41003769263625
2024-01-22 16:08:10.00;2024-01-22 17:08:10.00;1422.064926981926;51.527750;7.084896;5.027304688478527;34.41145651601255
2024-01-22 16:08:11.00;2024-01-22 17:08:11.00;1423.06497502327;51.527661;7.085015;5.006126584895009;34.34827209822834
2024-01-22 16:08:12.00;2024-01-22 17:08:12.00;1424.064920067787;51.527563;7.085127;5.009233631123602;34.23473532032222
2024-01-22 16:08:13.00;2024-01-22 17:08:13.00;1425.064993977547;51.527463;7.085234;5.000999149423624;34.51164824981242
2024-01-22 16:08:14.00;2024-01-22 17:08:14.00;1426.064957976341;51.527374;7.085339;5.058856235423567;34.55436925683171
2024-01-22 16:08:15.00;2024-01-22 17:08:15.00;1427.064962983131;51.527284;7.085445;5.050358435262449;34.5618701511994
2024-01-22 16:08:16.00;2024-01-22 17:08:16.00;1428.06494307518;51.527203;7.085537;5.046036141827394;34.88802446983755
2024-01-22 16:08:18.00;2024-01-22 17:08:18.00;1430.06497502327;51.527087;7.085738;4.959634105355691;35.33129786420614
2024-01-22 16:08:20.00;2024-01-22 17:08:20.00;1432.064972996712;51.526986;7.085884;4.932155132020923;35.40124172531068
2024-01-22 16:08:23.00;2024-01-22 17:08:23.00;1435.065003991127;51.526902;7.085988;4.878135832782792;36.06840594112873
2024-01-22 16:08:54.00;2024-01-22 17:08:54.00;1466.06526696682;51.526763;7.086167;4.884822702387199;36.67416654713452
2024-01-22 16:08:56.00;2024-01-22 17:08:56.00;1468.065351963043;51.526647;7.086313;4.850392936280874;38.72418997995555
2024-01-22 16:08:58.00;2024-01-22 17:08:58.00;1470.065255045891;51.526511;7.086494;4.830263073776629;38.36645266506821
2024-01-22 16:09:00.00;2024-01-22 17:09:00.00;1472.065248966217;51.526367;7.086647;4.784163293330311;38.60805146116763
2024-01-22 16:09:01.00;2024-01-22 17:09:01.00;1473.065271019936;51.526294;7.086734;4.777435451097089;39.701121407561
2024-01-22 16:09:02.00;2024-01-22 17:09:02.00;1474.065262079239;51.526212;7.086816;4.773776948491241;39.87454257719219
2024-01-22 16:09:03.00;2024-01-22 17:09:03.00;1475.0652769804;51.526134;7.086899;4.784847431382578;40.73427576757967
2024-01-22 16:09:04.00;2024-01-22 17:09:04.00;1476.064141988754;51.526045;7.086974;4.764834262381568;41.17868470679969
2024-01-22 16:09:05.00;2024-01-22 17:09:05.00;1477.060677051544;51.525957;7.087068;4.75368029670457;41.9495663959533
2024-01-22 16:09:06.00;2024-01-22 17:09:06.00;1478.065253973007;51.525867;7.087146;4.746413920433866;42.81639025639743
2024-01-22 16:09:07.00;2024-01-22 17:09:07.00;1479.063408017159;51.525773;7.087226;4.741116047547992;43.18299302551895
2024-01-22 16:09:08.00;2024-01-22 17:09:08.00;1480.064236998558;51.525682;7.087304;4.734116873789071;43.45331938378513
2024-01-22 16:09:09.00;2024-01-22 17:09:09.00;1481.065351009369;51.525581;7.087382;4.72399981226897;44.33447168115526
2024-01-22 16:09:10.00;2024-01-22 17:09:10.00;1482.065304994583;51.525478;7.087462;4.718395325073892;44.4655927605927
2024-01-22 16:09:11.00;2024-01-22 17:09:11.00;1483.065358042717;51.525375;7.087540;4.704321187193141;44.56160651054233
2024-01-22 16:09:12.00;2024-01-22 17:09:12.00;1484.065363049507;51.525266;7.087618;4.7102283259219;45.05036982893944
2024-01-22 16:09:13.00;2024-01-22 17:09:13.00;1485.065286040306;51.525155;7.087696;4.714214309458072;44.94329738710076
2024-01-22 16:09:14.00;2024-01-22 17:09:14.00;1486.065304994583;51.525038;7.087770;4.70531705392937;45.29258529469371
2024-01-22 16:09:15.00;2024-01-22 17:09:15.00;1487.065311074257;51.524917;7.087844;4.703353036355385;45.25878484081477
2024-01-22 16:09:16.00;2024-01-22 17:09:16.00;1488.065317988396;51.524795;7.087922;4.705642960330989;45.62320264242589
2024-01-22 16:09:17.00;2024-01-22 17:09:17.00;1489.063511013985;51.524670;7.088002;4.701903886589474;45.67777720373124
2024-01-22 16:09:18.00;2024-01-22 17:09:18.00;1490.064751982689;51.524534;7.088080;4.700202196593963;45.65837903786451
2024-01-22 16:09:19.00;2024-01-22 17:09:19.00;1491.065312027931;51.524398;7.088158;4.696544214217943;46.23105038516223
2024-01-22 16:09:20.00;2024-01-22 17:09:20.00;1492.065317988396;51.524260;7.088241;4.698034767803662;46.04750510957092
2024-01-22 16:09:21.00;2024-01-22 17:09:21.00;1493.062533020973;51.524129;7.088324;4.701418681367204;46.80121655482799
2024-01-22 16:09:22.00;2024-01-22 17:09:22.00;1494.065407991409;51.523998;7.088406;4.70236189687282;46.59890039265156
2024-01-22 16:09:23.00;2024-01-22 17:09:23.00;1495.065342068672;51.523866;7.088475;4.695844326830801;46.43090809322894
2024-01-22 16:09:24.00;2024-01-22 17:09:24.00;1496.065327048302;51.523742;7.088541;4.699610384913716;47.30292047932744
2024-01-22 16:09:25.00;2024-01-22 17:09:25.00;1497.065342068672;51.523622;7.088615;4.709173282275794;47.96646546013653
2024-01-22 16:09:26.00;2024-01-22 17:09:26.00;1498.065369963646;51.523499;7.088698;4.706096252422248;47.93070465326309
2024-01-22 16:09:27.00;2024-01-22 17:09:27.00;1499.0653860569;51.523375;7.088769;4.717069712162655;47.57475572638214
2024-01-22 16:09:28.00;2024-01-22 17:09:28.00;1500.065443992615;51.523255;7.088832;4.733524098351005;47.23944237269461
2024-01-22 16:09:29.00;2024-01-22 17:09:29.00;1501.065364003181;51.523154;7.088907;4.706305296618157;47.78743365220726
2024-01-22 16:09:30.00;2024-01-22 17:09:30.00;1502.065373063087;51.523042;7.088970;4.718600154861096;47.78323595691472
2024-01-22 16:09:31.00;2024-01-22 17:09:31.00;1503.065392971039;51.522916;7.089047;4.715830214891962;46.98531726095825
2024-01-22 16:09:32.00;2024-01-22 17:09:32.00;1504.06176507473;51.522801;7.089114;4.69140586741963;47.00008964911103
2024-01-22 16:09:33.00;2024-01-22 17:09:33.00;1505.065402984619;51.522682;7.089187;4.693820254986822;46.8030080543831
2024-01-22 16:09:34.00;2024-01-22 17:09:34.00;1506.062536001205;51.522562;7.089260;4.688648531135303;45.98756921198219
2024-01-22 16:09:35.00;2024-01-22 17:09:35.00;1507.065482974052;51.522445;7.089328;4.678661489805513;45.38084168359637
2024-01-22 16:09:36.00;2024-01-22 17:09:36.00;1508.065428972244;51.522328;7.089398;4.679159259103769;44.8729110788554
2024-01-22 16:09:37.00;2024-01-22 17:09:37.00;1509.065643072128;51.522211;7.089464;4.678830718515391;44.89347326476127
2024-01-22 16:09:38.00;2024-01-22 17:09:38.00;1510.061043024063;51.522095;7.089535;4.680576627252587;44.27674065437168
2024-01-22 16:09:39.00;2024-01-22 17:09:39.00;1511.065510034561;51.521982;7.089603;4.682654682263595;43.6691820314154
2024-01-22 16:09:40.00;2024-01-22 17:09:40.00;1512.065522074699;51.521871;7.089673;4.677876558435134;43.38872814923525
2024-01-22 16:09:41.00;2024-01-22 17:09:41.00;1513.065507054329;51.521762;7.089740;4.679829120722166;42.54368877597153
2024-01-22 16:09:42.00;2024-01-22 17:09:42.00;1514.065486073494;51.521657;7.089808;4.680293571739061;42.20250009745359
2024-01-22 16:09:43.00;2024-01-22 17:09:43.00;1515.065523982048;51.521549;7.089872;4.681990377183351;41.46920650545508
2024-01-22 16:09:44.00;2024-01-22 17:09:44.00;1516.065477967262;51.521447;7.089935;4.68270344488505;41.33523656614125
2024-01-22 16:09:45.00;2024-01-22 17:09:45.00;1517.06558907032;51.521349;7.089990;4.680734512192241;40.46873511746526
2024-01-22 16:09:46.00;2024-01-22 17:09:46.00;1518.065510034561;51.521256;7.090042;4.668512247765222;40.521434629336
2024-01-22 16:09:47.00;2024-01-22 17:09:47.00;1519.062793016434;51.521168;7.090091;4.659836382376032;40.56773009337485
2024-01-22 16:09:49.00;2024-01-22 17:09:49.00;1521.065510988235;51.521012;7.090177;4.639534049261218;41.1479543633759
2024-01-22 16:09:51.00;2024-01-22 17:09:51.00;1523.065577983856;51.520901;7.090248;4.720494808965546;40.65267149265856
2024-01-22 16:09:53.00;2024-01-22 17:09:53.00;1525.065541982651;51.520813;7.090297;4.771010065838553;40.39045528415591
2024-01-22 16:10:25.00;2024-01-22 17:10:25.00;1557.065783023834;51.520689;7.090301;4.773060605635703;40.72253627609462
2024-01-22 16:10:27.00;2024-01-22 17:10:27.00;1559.065803050995;51.520564;7.090349;4.791288145362411;41.25367378350347
2024-01-22 16:10:29.00;2024-01-22 17:10:29.00;1561.065826058388;51.520447;7.090458;4.818873701995361;41.25346677564085
2024-01-22 16:10:31.00;2024-01-22 17:10:31.00;1563.06582403183;51.520273;7.090550;4.85552546255363;40.84634558111429
2024-01-22 16:10:32.00;2024-01-22 17:10:32.00;1564.065847039223;51.520182;7.090590;4.825761119313449;40.90651389677078
2024-01-22 16:10:33.00;2024-01-22 17:10:33.00;1565.064813971519;51.520089;7.090653;4.836584926867779;41.06767444033176
2024-01-22 16:10:34.00;2024-01-22 17:10:34.00;1566.065384984016;51.519997;7.090709;4.887038141240866;41.21352315694094
2024-01-22 16:10:35.00;2024-01-22 17:10:35.00;1567.065903067589;51.519910;7.090760;4.976792577734841;41.28069659601897
2024-01-22 16:10:36.00;2024-01-22 17:10:36.00;1568.065867066383;51.519796;7.090833;4.977409604257817;41.11687336396426
2024-01-22 16:10:37.00;2024-01-22 17:10:37.00;1569.065298080444;51.519676;7.090911;5.002276992927492;41.40559598430991
2024-01-22 16:10:38.00;2024-01-22 17:10:38.00;1570.065911054611;51.519562;7.090978;5.107653772579583;41.54054784122854
2024-01-22 16:10:39.00;2024-01-22 17:10:39.00;1571.065917015076;51.519447;7.091034;5.278806735523124;41.38206410687417
2024-01-22 16:10:40.00;2024-01-22 17:10:40.00;1572.065983057022;51.519336;7.091102;5.389850514769718;41.87505306303501
2024-01-22 16:10:41.00;2024-01-22 17:10:41.00;1573.065937042236;51.519222;7.091161;5.443505911592674;42.07312775403261
2024-01-22 16:10:42.00;2024-01-22 17:10:42.00;1574.065939068794;51.519084;7.091239;5.134209751545995;42.58066911157221
2024-01-22 16:10:43.00;2024-01-22 17:10:43.00;1575.065935969353;51.518945;7.091321;5.017291618753953;42.54241723287851
2024-01-22 16:10:44.00;2024-01-22 17:10:44.00;1576.065971970558;51.518818;7.091394;4.977397386464178;42.45578651875257
2024-01-22 16:10:45.00;2024-01-22 17:10:45.00;1577.065914988518;51.518693;7.091478;4.951643497475518;42.6024562837556
2024-01-22 16:10:46.00;2024-01-22 17:10:46.00;1578.06597507;51.518575;7.091549;4.948800278964367;42.66839225962758
2024-01-22 16:10:47.00;2024-01-22 17:10:47.00;1579.065984964371;51.518462;7.091617;4.977606890440118;43.07545674685389
2024-01-22 16:10:48.00;2024-01-22 17:10:48.00;1580.0650370121;51.518360;7.091687;5.035409293119048;43.23026450537145
2024-01-22 16:10:49.00;2024-01-22 17:10:49.00;1581.066043019295;51.518272;7.091731;4.932413869077397;43.64649561885744
2024-01-22 16:10:50.00;2024-01-22 17:10:50.00;1582.062011003494;51.518183;7.091794;4.90054076865084;43.56606407091022
2024-01-22 16:10:52.00;2024-01-22 17:10:52.00;1584.066055059433;51.518054;7.091865;4.862772899283181;43.49950734246522
2024-01-22 16:10:55.00;2024-01-22 17:10:55.00;1587.066025972366;51.517940;7.091899;4.840682173694133;44.47453627828509
2024-01-22 16:11:22.00;2024-01-22 17:11:22.00;1614.06604206562;51.517823;7.091926;4.806885189542665;44.48565069865435
2024-01-22 16:11:24.00;2024-01-22 17:11:24.00;1616.066127061844;51.517725;7.092005;4.8053019289107;44.80449802335352
2024-01-22 16:11:26.00;2024-01-22 17:11:26.00;1618.066056013107;51.517583;7.092108;4.804364132447034;44.46520982217044
2024-01-22 16:11:28.00;2024-01-22 17:11:28.00;1620.066082000732;51.517415;7.092199;4.800135700258917;44.91202480718493
2024-01-22 16:11:29.00;2024-01-22 17:11:29.00;1621.066156983376;51.517324;7.092255;4.801759299954849;45.40507179312408
2024-01-22 16:11:30.00;2024-01-22 17:11:30.00;1622.066100001335;51.517231;7.092321;4.805518319986831;45.60780291445553
2024-01-22 16:11:31.00;2024-01-22 17:11:31.00;1623.066112041473;51.517133;7.092381;4.799550772743989;45.77392808254808
2024-01-22 16:11:32.00;2024-01-22 17:11:32.00;1624.065490007401;51.517028;7.092446;4.801367617117966;46.04857085458934
2024-01-22 16:11:33.00;2024-01-22 17:11:33.00;1625.066184997559;51.516921;7.092514;4.803730261908644;45.78736044373363
2024-01-22 16:11:34.00;2024-01-22 17:11:34.00;1626.066102981567;51.516811;7.092581;4.785247317314129;45.75822316575795
2024-01-22 16:11:35.00;2024-01-22 17:11:35.00;1627.064422011375;51.516698;7.092652;4.769899720915859;45.79714276548475
2024-01-22 16:11:36.00;2024-01-22 17:11:36.00;1628.066112995148;51.516587;7.092739;4.767430302314432;46.06501374952495
2024-01-22 16:11:37.00;2024-01-22 17:11:37.00;1629.066220998764;51.516473;7.092794;4.761770517328799;46.62022806052119
2024-01-22 16:11:38.00;2024-01-22 17:11:38.00;1630.066205978394;51.516356;7.092860;4.740886176002203;46.6464373935014
2024-01-22 16:11:39.00;2024-01-22 17:11:39.00;1631.062084078789;51.516233;7.092928;4.741736713196235;46.74225377198309
2024-01-22 16:11:40.00;2024-01-22 17:11:40.00;1632.066179990768;51.516106;7.093006;4.748821518607405;46.84542539808899
2024-01-22 16:11:41.00;2024-01-22 17:11:41.00;1633.066215991974;51.515980;7.093103;4.740862148102877;46.80122726410627
2024-01-22 16:11:42.00;2024-01-22 17:11:42.00;1634.061455011368;51.515851;7.093166;4.73233260817851;46.41834574658424
2024-01-22 16:11:43.00;2024-01-22 17:11:43.00;1635.066191077232;51.515731;7.093243;4.741996274730606;46.65418294072151
2024-01-22 16:11:44.00;2024-01-22 17:11:44.00;1636.063611030579;51.515617;7.093318;4.741969812558225;48.09664755687118
2024-01-22 16:11:45.00;2024-01-22 17:11:45.00;1637.066169023514;51.515507;7.093386;4.74254885622807;47.43249654769897
2024-01-22 16:11:46.00;2024-01-22 17:11:46.00;1638.066191077232;51.515404;7.093430;4.728502830532519;47.69566339906305
2024-01-22 16:11:47.00;2024-01-22 17:11:47.00;1639.066228985786;51.515312;7.093486;4.718644570151709;47.05204989295453
2024-01-22 16:11:48.00;2024-01-22 17:11:48.00;1640.066179990768;51.515203;7.093549;4.726517436789787;47.72483668010682
2024-01-22 16:11:49.00;2024-01-22 17:11:49.00;1641.066204071045;51.515105;7.093632;4.821000384865366;47.51233903132379
2024-01-22 16:11:50.00;2024-01-22 17:11:50.00;1642.064023971558;51.515017;7.093693;4.83952300848585;48.25735442806035
2024-01-22 16:11:52.00;2024-01-22 17:11:52.00;1644.065487027168;51.514855;7.093789;4.837993477988435;48.82374995108694
2024-01-22 16:11:54.00;2024-01-22 17:11:54.00;1646.065247058868;51.514720;7.093885;4.833644881015388;48.90555359981954
2024-01-22 16:11:56.00;2024-01-22 17:11:56.00;1648.064535975456;51.514616;7.093969;4.821413131439222;48.66954685468227
2024-01-22 16:11:59.00;2024-01-22 17:11:59.00;1651.066292047501;51.514508;7.094044;4.812899933984365;48.97861123550683
2024-01-22 16:12:37.00;2024-01-22 17:12:37.00;1689.064316987991;51.514396;7.094069;4.957418141995718;49.16943428758532
2024-01-22 16:12:40.00;2024-01-22 17:12:40.00;1692.064486026764;51.514294;7.094151;4.907870088336124;49.10374488681555
2024-01-22 16:12:43.00;2024-01-22 17:12:43.00;1695.066580057144;51.514199;7.094208;4.920214836943836;49.46921072155237
2024-01-22 16:12:46.00;2024-01-22 17:12:46.00;1698.066588044167;51.514103;7.094183;4.952843315613497;50.62419161573052
2024-01-22 16:12:49.00;2024-01-22 17:12:49.00;1701.066637992859;51.514017;7.094110;5.070647214274187;50.76582419592887
2024-01-22 16:12:52.00;2024-01-22 17:12:52.00;1704.066640019417;51.513944;7.093981;5.234951602323192;49.27400580979884
2024-01-22 16:12:55.00;2024-01-22 17:12:55.00;1707.066745042801;51.513901;7.093805;5.316365399732025;49.55380657315254
2024-01-22 16:12:58.00;2024-01-22 17:12:58.00;1710.064661979675;51.513856;7.093599;5.364008192562383;50.13699309062213
2024-01-22 16:13:00.00;2024-01-22 17:13:00.00;1712.066733002663;51.513810;7.093411;5.376993644666365;50.60144817363471
2024-01-22 16:13:02.00;2024-01-22 17:13:02.00;1714.066781044006;51.513748;7.093218;5.316263817510434;49.32376498635858
2024-01-22 16:13:04.00;2024-01-22 17:13:04.00;1716.06670999527;51.513711;7.093010;5.524452298816627;49.55668539367616
2024-01-22 16:13:06.00;2024-01-22 17:13:06.00;1718.066743969917;51.513666;7.092854;5.74273035940015;49.71847114805132
2024-01-22 16:13:09.00;2024-01-22 17:13:09.00;1721.063274025917;51.513619;7.092694;5.912747952604428;49.43331217579544
2024-01-22 16:13:15.00;2024-01-22 17:13:15.00;1727.066696047783;51.513659;7.092553;5.214622950041441;50.31057057809085
2024-01-22 16:13:44.00;2024-01-22 17:13:44.00;1756.145735025406;51.513563;7.092461;4.921717638301804;50.13131626415998
2024-01-22 16:13:47.00;2024-01-22 17:13:47.00;1759.063436031342;51.513493;7.092314;4.830296054452409;49.78987370058894
2024-01-22 16:13:51.00;2024-01-22 17:13:51.00;1763.066913962364;51.513435;7.092163;4.853093693357426;49.50192038528621
2024-01-22 16:13:55.00;2024-01-22 17:13:55.00;1767.06221306324;51.513368;7.092033;4.773221921919207;49.7621821379289
2024-01-22 16:14:00.00;2024-01-22 17:14:00.00;1772.063960075378;51.513273;7.091948;4.831703106517353;50.02900077309459
2024-01-22 16:14:04.00;2024-01-22 17:14:04.00;1776.06697499752;51.513167;7.091925;4.856524459643454;49.77419156208634
2024-01-22 16:14:08.00;2024-01-22 17:14:08.00;1780.065265059471;51.513073;7.091942;4.85103000402373;49.234689517878
2024-01-22 16:14:11.00;2024-01-22 17:14:11.00;1783.066858053207;51.512960;7.092006;4.856878876396067;49.48613091371953
2024-01-22 16:14:13.00;2024-01-22 17:14:13.00;1785.063623070717;51.512859;7.092069;4.839140637932115;49.21125528868288
2024-01-22 16:14:15.00;2024-01-22 17:14:15.00;1787.067018032074;51.512771;7.092126;4.85466822882686;49.1757959201932
2024-01-22 16:14:18.00;2024-01-22 17:14:18.00;1790.066637992859;51.512685;7.092177;4.809382966046367;48.85473590530455
2024-01-22 16:14:46.00;2024-01-22 17:14:46.00;1818.067129969597;51.512531;7.092277;4.686074874266297;58.89101333264261
2024-01-22 16:14:48.00;2024-01-22 17:14:48.00;1820.063433051109;51.512414;7.092356;4.636518876652796;58.16668849717826
2024-01-22 16:14:50.00;2024-01-22 17:14:50.00;1822.06716299057;51.512264;7.092478;4.640969511088954;56.49935956019908
2024-01-22 16:14:51.00;2024-01-22 17:14:51.00;1823.067180037498;51.512181;7.092555;4.724768065892545;56.2065600939095
2024-01-22 16:14:52.00;2024-01-22 17:14:52.00;1824.067234039307;51.512098;7.092619;4.831982684932751;55.54082180559635
2024-01-22 16:14:53.00;2024-01-22 17:14:53.00;1825.062765002251;51.512001;7.092713;4.957447182928579;54.70487308688462
2024-01-22 16:14:54.00;2024-01-22 17:14:54.00;1826.063804984093;51.511913;7.092790;5.662975647301991;53.44757194630802
2024-01-22 16:14:55.02;2024-01-22 17:14:55.02;1827.064846992493;51.511817;7.092868;7.305445260865951;56.53877316508442
2024-01-22 16:14:56.01;2024-01-22 17:14:56.01;1828.065971016884;51.511724;7.092943;9.650169123230862;57.33115513436496
2024-01-22 16:14:57.01;2024-01-22 17:14:57.01;1829.067000031471;51.511641;7.093016;12.10553303165914;55.13822730816901
2024-01-22 16:14:58.02;2024-01-22 17:14:58.02;1830.06731402874;51.511558;7.093090;14.60235880305521;54.85635412670672
